FileName,Rating
AF1.jpg,2
AF10.jpg,3
AF100.jpg,3
AF1000.jpg,4
AF1001.jpg,4
AF1002.jpg,3
AF1003.jpg,3
AF1004.jpg,3
AF1005.jpg,2
AF1006.jpg,3
AF1007.jpg,3
AF1008.jpg,3
AF1009.jpg,4
AF101.jpg,2
AF1010.jpg,3
AF1011.jpg,3
AF1012.jpg,3
AF1013.jpg,4
AF1014.jpg,4
AF1015.jpg,4
AF1016.jpg,4
AF1017.jpg,4
AF1018.jpg,3
AF1019.jpg,2
AF102.jpg,3
AF1020.jpg,3
AF1021.jpg,3
AF1022.jpg,4
AF1023.jpg,3
AF1024.jpg,3
AF1025.jpg,2
AF1026.jpg,4
AF1027.jpg,4
AF1028.jpg,2
AF1029.jpg,4
AF103.jpg,3
AF1030.jpg,2
AF1031.jpg,4
AF1032.jpg,3
AF1033.jpg,2
AF1034.jpg,3
AF1035.jpg,4
AF1036.jpg,3
AF1037.jpg,2
AF1038.jpg,3
AF1039.jpg,4
AF104.jpg,3
AF1040.jpg,2
AF1041.jpg,2
AF1042.jpg,3
AF1043.jpg,3
AF1044.jpg,3
AF1045.jpg,4
AF1046.jpg,2
AF1047.jpg,4
AF1048.jpg,3
AF1049.jpg,3
AF105.jpg,4
AF1050.jpg,3
AF1051.jpg,3
AF1052.jpg,3
AF1053.jpg,3
AF1054.jpg,3
AF1055.jpg,3
AF1056.jpg,4
AF1057.jpg,3
AF1058.jpg,4
AF1059.jpg,3
AF106.jpg,3
AF1060.jpg,2
AF1061.jpg,3
AF1062.jpg,4
AF1063.jpg,4
AF1064.jpg,4
AF1065.jpg,4
AF1066.jpg,2
AF1067.jpg,3
AF1068.jpg,4
AF1069.jpg,3
AF107.jpg,2
AF1070.jpg,3
AF1071.jpg,3
AF1072.jpg,3
AF1073.jpg,3
AF1074.jpg,3
AF1075.jpg,4
AF1076.jpg,1
AF1077.jpg,3
AF1078.jpg,3
AF1079.jpg,3
AF108.jpg,3
AF1080.jpg,4
AF1081.jpg,3
AF1082.jpg,3
AF1083.jpg,4
AF1084.jpg,2
AF1085.jpg,2
AF1086.jpg,4
AF1087.jpg,3
AF1088.jpg,4
AF1089.jpg,2
AF109.jpg,2
AF1090.jpg,4
AF1091.jpg,3
AF1092.jpg,2
AF1093.jpg,4
AF1094.jpg,4
AF1095.jpg,3
AF1096.jpg,2
AF1097.jpg,2
AF1098.jpg,2
AF1099.jpg,4
AF11.jpg,2
AF110.jpg,3
AF1100.jpg,3
AF1101.jpg,4
AF1102.jpg,4
AF1103.jpg,3
AF1104.jpg,4
AF1105.jpg,2
AF1106.jpg,4
AF1107.jpg,4
AF1108.jpg,2
AF1109.jpg,4
AF111.jpg,3
AF1110.jpg,4
AF1111.jpg,2
AF1112.jpg,4
AF1113.jpg,3
AF1114.jpg,3
AF1115.jpg,4
AF1116.jpg,4
AF1117.jpg,2
AF1118.jpg,2
AF1119.jpg,3
AF112.jpg,3
AF1120.jpg,3
AF1121.jpg,2
AF1122.jpg,4
AF1123.jpg,3
AF1124.jpg,4
AF1125.jpg,3
AF1126.jpg,3
AF1127.jpg,3
AF1128.jpg,3
AF1129.jpg,4
AF113.jpg,3
AF1130.jpg,3
AF1131.jpg,3
AF1132.jpg,3
AF1133.jpg,3
AF1134.jpg,3
AF1135.jpg,3
AF1136.jpg,3
AF1137.jpg,3
AF1138.jpg,2
AF1139.jpg,3
AF114.jpg,3
AF1140.jpg,4
AF1141.jpg,3
AF1142.jpg,3
AF1143.jpg,2
AF1144.jpg,3
AF1145.jpg,2
AF1146.jpg,3
AF1147.jpg,4
AF1148.jpg,4
AF1149.jpg,4
AF115.jpg,3
AF1150.jpg,3
AF1151.jpg,2
AF1152.jpg,3
AF1153.jpg,3
AF1154.jpg,4
AF1155.jpg,3
AF1156.jpg,4
AF1157.jpg,3
AF1158.jpg,4
AF1159.jpg,4
AF116.jpg,2
AF1160.jpg,4
AF1161.jpg,2
AF1162.jpg,4
AF1163.jpg,3
AF1164.jpg,3
AF1165.jpg,3
AF1166.jpg,4
AF1167.jpg,4
AF1168.jpg,4
AF1169.jpg,4
AF117.jpg,2
AF1170.jpg,4
AF1171.jpg,4
AF1172.jpg,4
AF1173.jpg,2
AF1174.jpg,5
AF1175.jpg,4
AF1176.jpg,2
AF1177.jpg,4
AF1178.jpg,4
AF1179.jpg,4
AF118.jpg,3
AF1180.jpg,4
AF1181.jpg,3
AF1182.jpg,3
AF1183.jpg,4
AF1184.jpg,2
AF1185.jpg,3
AF1186.jpg,2
AF1187.jpg,4
AF1188.jpg,3
AF1189.jpg,3
AF119.jpg,2
AF1190.jpg,3
AF1191.jpg,4
AF1192.jpg,3
AF1193.jpg,2
AF1194.jpg,4
AF1195.jpg,3
AF1196.jpg,4
AF1197.jpg,4
AF1198.jpg,4
AF1199.jpg,4
AF12.jpg,2
AF120.jpg,2
AF1200.jpg,4
AF1201.jpg,3
AF1202.jpg,3
AF1203.jpg,3
AF1204.jpg,3
AF1205.jpg,4
AF1206.jpg,3
AF1207.jpg,4
AF1208.jpg,4
AF1209.jpg,3
AF121.jpg,2
AF1210.jpg,3
AF1211.jpg,4
AF1212.jpg,4
AF1213.jpg,3
AF1214.jpg,3
AF1215.jpg,3
AF1216.jpg,3
AF1217.jpg,3
AF1218.jpg,3
AF1219.jpg,3
AF122.jpg,2
AF1220.jpg,3
AF1221.jpg,4
AF1222.jpg,4
AF1223.jpg,2
AF1224.jpg,4
AF1225.jpg,3
AF1226.jpg,2
AF1227.jpg,3
AF1228.jpg,3
AF1229.jpg,3
AF123.jpg,2
AF1230.jpg,2
AF1231.jpg,4
AF1232.jpg,3
AF1233.jpg,3
AF1234.jpg,3
AF1235.jpg,3
AF1236.jpg,4
AF1237.jpg,3
AF1238.jpg,3
AF1239.jpg,4
AF124.jpg,3
AF1240.jpg,3
AF1241.jpg,4
AF1242.jpg,4
AF1243.jpg,2
AF1244.jpg,4
AF1245.jpg,3
AF1246.jpg,3
AF1247.jpg,4
AF1248.jpg,3
AF1249.jpg,4
AF125.jpg,3
AF1250.jpg,2
AF1251.jpg,4
AF1252.jpg,3
AF1253.jpg,4
AF1254.jpg,4
AF1255.jpg,4
AF1256.jpg,2
AF1257.jpg,4
AF1258.jpg,3
AF1259.jpg,3
AF126.jpg,3
AF1260.jpg,4
AF1261.jpg,4
AF1262.jpg,4
AF1263.jpg,3
AF1264.jpg,3
AF1265.jpg,4
AF1266.jpg,4
AF1267.jpg,3
AF1268.jpg,4
AF1269.jpg,3
AF127.jpg,3
AF1270.jpg,4
AF1271.jpg,3
AF1272.jpg,4
AF1273.jpg,1
AF1274.jpg,3
AF1275.jpg,4
AF1276.jpg,2
AF1277.jpg,4
AF1278.jpg,4
AF1279.jpg,4
AF128.jpg,3
AF1280.jpg,4
AF1281.jpg,3
AF1282.jpg,3
AF1283.jpg,4
AF1284.jpg,3
AF1285.jpg,4
AF1286.jpg,4
AF1287.jpg,3
AF1288.jpg,3
AF1289.jpg,3
AF129.jpg,3
AF1290.jpg,3
AF1291.jpg,4
AF1292.jpg,3
AF1293.jpg,4
AF1294.jpg,2
AF1295.jpg,4
AF1296.jpg,3
AF1297.jpg,3
AF1298.jpg,4
AF1299.jpg,4
AF13.jpg,3
AF130.jpg,3
AF1300.jpg,3
AF1301.jpg,4
AF1302.jpg,4
AF1303.jpg,4
AF1304.jpg,2
AF1305.jpg,4
AF1306.jpg,2
AF1307.jpg,3
AF1308.jpg,4
AF1309.jpg,4
AF131.jpg,3
AF1310.jpg,2
AF1311.jpg,4
AF1312.jpg,4
AF1313.jpg,3
AF1314.jpg,3
AF1315.jpg,3
AF1316.jpg,4
AF1317.jpg,4
AF1318.jpg,4
AF1319.jpg,4
AF132.jpg,2
AF1320.jpg,4
AF1321.jpg,2
AF1322.jpg,3
AF1323.jpg,3
AF1324.jpg,4
AF1325.jpg,2
AF1326.jpg,4
AF1327.jpg,3
AF1328.jpg,4
AF1329.jpg,3
AF133.jpg,3
AF1330.jpg,4
AF1331.jpg,4
AF1332.jpg,2
AF1333.jpg,4
AF1334.jpg,4
AF1335.jpg,4
AF1336.jpg,4
AF1337.jpg,2
AF1338.jpg,3
AF1339.jpg,3
AF134.jpg,2
AF1340.jpg,4
AF1341.jpg,2
AF1342.jpg,4
AF1343.jpg,4
AF1344.jpg,4
AF1345.jpg,4
AF1346.jpg,4
AF1347.jpg,3
AF1348.jpg,4
AF1349.jpg,2
AF135.jpg,3
AF1350.jpg,2
AF1351.jpg,2
AF1352.jpg,3
AF1353.jpg,3
AF1354.jpg,3
AF1355.jpg,4
AF1356.jpg,3
AF1357.jpg,4
AF1358.jpg,2
AF1359.jpg,4
AF136.jpg,2
AF1360.jpg,4
AF1361.jpg,4
AF1362.jpg,4
AF1363.jpg,3
AF1364.jpg,4
AF1365.jpg,4
AF1366.jpg,4
AF1367.jpg,3
AF1368.jpg,3
AF1369.jpg,3
AF137.jpg,3
AF1370.jpg,4
AF1371.jpg,4
AF1372.jpg,3
AF1373.jpg,3
AF1374.jpg,4
AF1375.jpg,3
AF1376.jpg,4
AF1377.jpg,4
AF1378.jpg,3
AF1379.jpg,3
AF138.jpg,2
AF1380.jpg,2
AF1381.jpg,4
AF1382.jpg,4
AF1383.jpg,2
AF1384.jpg,4
AF1385.jpg,4
AF1386.jpg,3
AF1387.jpg,4
AF1388.jpg,4
AF1389.jpg,4
AF139.jpg,2
AF1390.jpg,4
AF1391.jpg,3
AF1392.jpg,4
AF1393.jpg,4
AF1394.jpg,3
AF1395.jpg,4
AF1396.jpg,4
AF1397.jpg,4
AF1398.jpg,1
AF1399.jpg,3
AF14.jpg,2
AF140.jpg,2
AF1400.jpg,4
AF1401.jpg,4
AF1402.jpg,4
AF1403.jpg,4
AF1404.jpg,3
AF1405.jpg,4
AF1406.jpg,4
AF1407.jpg,3
AF1408.jpg,4
AF1409.jpg,4
AF141.jpg,2
AF1410.jpg,3
AF1411.jpg,3
AF1412.jpg,3
AF1413.jpg,3
AF1414.jpg,4
AF1415.jpg,2
AF1416.jpg,3
AF1417.jpg,4
AF1418.jpg,3
AF1419.jpg,4
AF142.jpg,2
AF1420.jpg,3
AF1421.jpg,3
AF1422.jpg,4
AF1423.jpg,4
AF1424.jpg,3
AF1425.jpg,3
AF1426.jpg,4
AF1427.jpg,4
AF1428.jpg,4
AF1429.jpg,4
AF143.jpg,2
AF1430.jpg,4
AF1431.jpg,4
AF1432.jpg,3
AF1433.jpg,3
AF1434.jpg,4
AF1435.jpg,3
AF1436.jpg,3
AF1437.jpg,4
AF1438.jpg,3
AF1439.jpg,4
AF144.jpg,2
AF1440.jpg,4
AF1441.jpg,3
AF1442.jpg,4
AF1443.jpg,3
AF1444.jpg,4
AF1445.jpg,4
AF1446.jpg,4
AF1447.jpg,4
AF1448.jpg,4
AF1449.jpg,4
AF145.jpg,3
AF1450.jpg,3
AF1451.jpg,4
AF1452.jpg,3
AF1453.jpg,1
AF1454.jpg,3
AF1455.jpg,3
AF1456.jpg,4
AF1457.jpg,4
AF1458.jpg,4
AF1459.jpg,4
AF146.jpg,3
AF1460.jpg,4
AF1461.jpg,3
AF1462.jpg,4
AF1463.jpg,3
AF1464.jpg,3
AF1465.jpg,4
AF1466.jpg,4
AF1467.jpg,4
AF1468.jpg,4
AF1469.jpg,4
AF147.jpg,2
AF1470.jpg,3
AF1471.jpg,3
AF1472.jpg,4
AF1473.jpg,3
AF1474.jpg,4
AF1475.jpg,2
AF1476.jpg,4
AF1477.jpg,4
AF1478.jpg,4
AF1479.jpg,4
AF148.jpg,2
AF1480.jpg,3
AF1481.jpg,4
AF1482.jpg,3
AF1483.jpg,3
AF1484.jpg,4
AF1485.jpg,3
AF1486.jpg,4
AF1487.jpg,3
AF1488.jpg,4
AF1489.jpg,3
AF149.jpg,2
AF1490.jpg,4
AF1491.jpg,4
AF1492.jpg,4
AF1493.jpg,3
AF1494.jpg,4
AF1495.jpg,4
AF1496.jpg,4
AF1497.jpg,3
AF1498.jpg,4
AF1499.jpg,3
AF15.jpg,3
AF150.jpg,2
AF1500.jpg,4
AF1501.jpg,4
AF1502.jpg,4
AF1503.jpg,3
AF1504.jpg,3
AF1505.jpg,3
AF1506.jpg,4
AF1507.jpg,3
AF1508.jpg,4
AF1509.jpg,2
AF151.jpg,2
AF1510.jpg,4
AF1511.jpg,4
AF1512.jpg,3
AF1513.jpg,4
AF1514.jpg,4
AF1515.jpg,4
AF1516.jpg,3
AF1517.jpg,3
AF1518.jpg,3
AF1519.jpg,4
AF152.jpg,3
AF1520.jpg,3
AF1521.jpg,4
AF1522.jpg,2
AF1523.jpg,4
AF1524.jpg,4
AF1525.jpg,4
AF1526.jpg,4
AF1527.jpg,4
AF1528.jpg,3
AF1529.jpg,4
AF153.jpg,2
AF1530.jpg,4
AF1531.jpg,3
AF1532.jpg,4
AF1533.jpg,4
AF1534.jpg,4
AF1535.jpg,3
AF1536.jpg,4
AF1537.jpg,4
AF1538.jpg,4
AF1539.jpg,2
AF154.jpg,3
AF1540.jpg,1
AF1541.jpg,4
AF1542.jpg,2
AF1543.jpg,4
AF1544.jpg,3
AF1545.jpg,4
AF1546.jpg,4
AF1547.jpg,4
AF1548.jpg,4
AF1549.jpg,3
AF155.jpg,3
AF1550.jpg,3
AF1551.jpg,4
AF1552.jpg,4
AF1553.jpg,4
AF1554.jpg,4
AF1555.jpg,3
AF1556.jpg,3
AF1557.jpg,4
AF1558.jpg,4
AF1559.jpg,4
AF156.jpg,2
AF1560.jpg,4
AF1561.jpg,4
AF1562.jpg,3
AF1563.jpg,4
AF1564.jpg,4
AF1565.jpg,3
AF1566.jpg,4
AF1567.jpg,4
AF1568.jpg,4
AF1569.jpg,4
AF157.jpg,2
AF1570.jpg,3
AF1571.jpg,4
AF1572.jpg,4
AF1573.jpg,4
AF1574.jpg,4
AF1575.jpg,3
AF1576.jpg,3
AF1577.jpg,3
AF1578.jpg,3
AF1579.jpg,4
AF158.jpg,3
AF1580.jpg,3
AF1581.jpg,4
AF1582.jpg,4
AF1583.jpg,4
AF1584.jpg,4
AF1585.jpg,4
AF1586.jpg,4
AF1587.jpg,4
AF1588.jpg,4
AF1589.jpg,4
AF159.jpg,3
AF1590.jpg,1
AF1591.jpg,4
AF1592.jpg,4
AF1593.jpg,4
AF1594.jpg,4
AF1595.jpg,4
AF1596.jpg,3
AF1597.jpg,4
AF1598.jpg,4
AF1599.jpg,3
AF16.jpg,2
AF160.jpg,2
AF1600.jpg,3
AF1601.jpg,4
AF1602.jpg,4
AF1603.jpg,4
AF1604.jpg,4
AF1605.jpg,3
AF1606.jpg,3
AF1607.jpg,3
AF1608.jpg,3
AF1609.jpg,4
AF161.jpg,2
AF1610.jpg,4
AF1611.jpg,3
AF1612.jpg,4
AF1613.jpg,4
AF1614.jpg,3
AF1615.jpg,3
AF1616.jpg,3
AF1617.jpg,4
AF1618.jpg,3
AF1619.jpg,2
AF162.jpg,2
AF1620.jpg,4
AF1621.jpg,4
AF1622.jpg,4
AF1623.jpg,4
AF1624.jpg,3
AF1625.jpg,2
AF1626.jpg,3
AF1627.jpg,4
AF1628.jpg,4
AF1629.jpg,4
AF163.jpg,3
AF1630.jpg,3
AF1631.jpg,1
AF1632.jpg,3
AF1633.jpg,2
AF1634.jpg,4
AF1635.jpg,4
AF1636.jpg,2
AF1637.jpg,4
AF1638.jpg,4
AF1639.jpg,3
AF164.jpg,3
AF1640.jpg,4
AF1641.jpg,1
AF1642.jpg,3
AF1643.jpg,4
AF1644.jpg,4
AF1645.jpg,3
AF1646.jpg,4
AF1647.jpg,4
AF1648.jpg,3
AF1649.jpg,3
AF165.jpg,3
AF1650.jpg,3
AF1651.jpg,2
AF1652.jpg,4
AF1653.jpg,3
AF1654.jpg,3
AF1655.jpg,3
AF1656.jpg,4
AF1657.jpg,3
AF1658.jpg,3
AF1659.jpg,4
AF166.jpg,3
AF1660.jpg,4
AF1661.jpg,4
AF1662.jpg,3
AF1663.jpg,4
AF1664.jpg,3
AF1665.jpg,4
AF1666.jpg,3
AF1667.jpg,4
AF1668.jpg,4
AF1669.jpg,4
AF167.jpg,3
AF1670.jpg,4
AF1671.jpg,4
AF1672.jpg,3
AF1673.jpg,4
AF1674.jpg,4
AF1675.jpg,5
AF1676.jpg,4
AF1677.jpg,3
AF1678.jpg,3
AF1679.jpg,3
AF168.jpg,3
AF1680.jpg,4
AF1681.jpg,3
AF1682.jpg,4
AF1683.jpg,4
AF1684.jpg,4
AF1685.jpg,4
AF1686.jpg,4
AF1687.jpg,4
AF1688.jpg,4
AF1689.jpg,4
AF169.jpg,2
AF1690.jpg,4
AF1691.jpg,3
AF1692.jpg,4
AF1693.jpg,4
AF1694.jpg,4
AF1695.jpg,4
AF1696.jpg,4
AF1697.jpg,4
AF1698.jpg,3
AF1699.jpg,3
AF17.jpg,3
AF170.jpg,2
AF1700.jpg,3
AF1701.jpg,3
AF1702.jpg,2
AF1703.jpg,4
AF1704.jpg,2
AF1705.jpg,3
AF1706.jpg,4
AF1707.jpg,3
AF1708.jpg,3
AF1709.jpg,3
AF171.jpg,3
AF1710.jpg,4
AF1711.jpg,4
AF1712.jpg,4
AF1713.jpg,4
AF1714.jpg,4
AF1715.jpg,3
AF1716.jpg,3
AF1717.jpg,4
AF1718.jpg,4
AF1719.jpg,4
AF172.jpg,2
AF1720.jpg,4
AF1721.jpg,3
AF1722.jpg,3
AF1723.jpg,4
AF1724.jpg,4
AF1725.jpg,3
AF1726.jpg,4
AF1727.jpg,3
AF1728.jpg,4
AF1729.jpg,3
AF173.jpg,2
AF1730.jpg,4
AF1731.jpg,3
AF1732.jpg,4
AF1733.jpg,4
AF1734.jpg,4
AF1735.jpg,4
AF1736.jpg,4
AF1737.jpg,4
AF1738.jpg,3
AF1739.jpg,2
AF174.jpg,2
AF1740.jpg,4
AF1741.jpg,4
AF1742.jpg,4
AF1743.jpg,3
AF1744.jpg,3
AF1745.jpg,3
AF1746.jpg,4
AF1747.jpg,4
AF1748.jpg,4
AF1749.jpg,3
AF175.jpg,3
AF1750.jpg,2
AF1751.jpg,4
AF1752.jpg,4
AF1753.jpg,3
AF1754.jpg,4
AF1755.jpg,4
AF1756.jpg,4
AF1757.jpg,3
AF1758.jpg,3
AF1759.jpg,4
AF176.jpg,2
AF1760.jpg,2
AF1761.jpg,4
AF1762.jpg,4
AF1763.jpg,4
AF1764.jpg,4
AF1765.jpg,4
AF1766.jpg,4
AF1767.jpg,4
AF1768.jpg,2
AF1769.jpg,4
AF177.jpg,2
AF1770.jpg,4
AF1771.jpg,2
AF1772.jpg,4
AF1773.jpg,3
AF1774.jpg,3
AF1775.jpg,4
AF1776.jpg,3
AF1777.jpg,4
AF1778.jpg,2
AF1779.jpg,4
AF178.jpg,3
AF1780.jpg,4
AF1781.jpg,4
AF1782.jpg,3
AF1783.jpg,4
AF1784.jpg,3
AF1785.jpg,4
AF1786.jpg,4
AF1787.jpg,4
AF1788.jpg,4
AF1789.jpg,4
AF179.jpg,2
AF1790.jpg,2
AF1791.jpg,4
AF1792.jpg,4
AF1793.jpg,4
AF1794.jpg,3
AF1795.jpg,3
AF1796.jpg,2
AF1797.jpg,3
AF1798.jpg,3
AF1799.jpg,4
AF18.jpg,3
AF180.jpg,3
AF1800.jpg,3
AF1801.jpg,4
AF1802.jpg,4
AF1803.jpg,4
AF1804.jpg,4
AF1805.jpg,4
AF1806.jpg,4
AF1807.jpg,3
AF1808.jpg,4
AF1809.jpg,3
AF181.jpg,3
AF1810.jpg,3
AF1811.jpg,3
AF1812.jpg,4
AF1813.jpg,4
AF1814.jpg,3
AF1815.jpg,3
AF1816.jpg,5
AF1817.jpg,3
AF1818.jpg,3
AF1819.jpg,3
AF182.jpg,2
AF1820.jpg,1
AF1821.jpg,3
AF1822.jpg,4
AF1823.jpg,4
AF1824.jpg,2
AF1825.jpg,4
AF1826.jpg,4
AF1827.jpg,4
AF1828.jpg,4
AF1829.jpg,3
AF183.jpg,3
AF1830.jpg,4
AF1831.jpg,3
AF1832.jpg,4
AF1833.jpg,4
AF1834.jpg,4
AF1835.jpg,3
AF1836.jpg,3
AF1837.jpg,4
AF1838.jpg,4
AF1839.jpg,4
AF184.jpg,3
AF1840.jpg,2
AF1841.jpg,3
AF1842.jpg,4
AF1843.jpg,4
AF1844.jpg,5
AF1845.jpg,2
AF1846.jpg,4
AF1847.jpg,3
AF1848.jpg,3
AF1849.jpg,3
AF185.jpg,2
AF1850.jpg,4
AF1851.jpg,3
AF1852.jpg,4
AF1853.jpg,2
AF1854.jpg,3
AF1855.jpg,3
AF1856.jpg,4
AF1857.jpg,4
AF1858.jpg,3
AF1859.jpg,2
AF186.jpg,2
AF1860.jpg,3
AF1861.jpg,4
AF1862.jpg,3
AF1863.jpg,4
AF1864.jpg,4
AF1865.jpg,3
AF1866.jpg,1
AF1867.jpg,4
AF1868.jpg,4
AF1869.jpg,3
AF187.jpg,3
AF1870.jpg,3
AF1871.jpg,4
AF1872.jpg,3
AF1873.jpg,2
AF1874.jpg,3
AF1875.jpg,2
AF1876.jpg,3
AF1877.jpg,4
AF1878.jpg,4
AF1879.jpg,4
AF188.jpg,3
AF1880.jpg,2
AF1881.jpg,4
AF1882.jpg,4
AF1883.jpg,3
AF1884.jpg,3
AF1885.jpg,3
AF1886.jpg,3
AF1887.jpg,4
AF1888.jpg,3
AF1889.jpg,4
AF189.jpg,2
AF1890.jpg,1
AF1891.jpg,4
AF1892.jpg,4
AF1893.jpg,3
AF1894.jpg,4
AF1895.jpg,4
AF1896.jpg,3
AF1897.jpg,4
AF1898.jpg,4
AF1899.jpg,3
AF19.jpg,3
AF190.jpg,2
AF1900.jpg,3
AF1901.jpg,4
AF1902.jpg,4
AF1903.jpg,4
AF1904.jpg,4
AF1905.jpg,4
AF1906.jpg,3
AF1907.jpg,3
AF1908.jpg,4
AF1909.jpg,3
AF191.jpg,3
AF1910.jpg,4
AF1911.jpg,4
AF1912.jpg,4
AF1913.jpg,3
AF1914.jpg,4
AF1915.jpg,3
AF1916.jpg,3
AF1917.jpg,3
AF1918.jpg,3
AF1919.jpg,4
AF192.jpg,2
AF1920.jpg,4
AF1921.jpg,2
AF1922.jpg,3
AF1923.jpg,3
AF1924.jpg,2
AF1925.jpg,3
AF1926.jpg,4
AF1927.jpg,4
AF1928.jpg,3
AF1929.jpg,4
AF193.jpg,2
AF1930.jpg,4
AF1931.jpg,2
AF1932.jpg,3
AF1933.jpg,3
AF1934.jpg,2
AF1935.jpg,1
AF1936.jpg,3
AF1937.jpg,3
AF1938.jpg,2
AF1939.jpg,3
AF194.jpg,3
AF1940.jpg,3
AF1941.jpg,3
AF1942.jpg,2
AF1943.jpg,4
AF1944.jpg,3
AF1945.jpg,3
AF1946.jpg,2
AF1947.jpg,3
AF1948.jpg,3
AF1949.jpg,4
AF195.jpg,3
AF1950.jpg,3
AF1951.jpg,3
AF1952.jpg,3
AF1953.jpg,2
AF1954.jpg,3
AF1955.jpg,4
AF1956.jpg,4
AF1957.jpg,3
AF1958.jpg,4
AF1959.jpg,1
AF196.jpg,3
AF1960.jpg,2
AF1961.jpg,3
AF1962.jpg,4
AF1963.jpg,3
AF1964.jpg,4
AF1965.jpg,2
AF1966.jpg,4
AF1967.jpg,2
AF1968.jpg,2
AF1969.jpg,3
AF197.jpg,2
AF1970.jpg,3
AF1971.jpg,2
AF1972.jpg,4
AF1973.jpg,5
AF1974.jpg,3
AF1975.jpg,2
AF1976.jpg,1
AF1977.jpg,4
AF1978.jpg,4
AF1979.jpg,3
AF198.jpg,2
AF1980.jpg,4
AF1981.jpg,4
AF1982.jpg,3
AF1983.jpg,4
AF1984.jpg,2
AF1985.jpg,4
AF1986.jpg,1
AF1987.jpg,2
AF1988.jpg,2
AF1989.jpg,4
AF199.jpg,3
AF1990.jpg,4
AF1991.jpg,2
AF1992.jpg,4
AF1993.jpg,4
AF1994.jpg,3
AF1995.jpg,1
AF1996.jpg,2
AF1997.jpg,1
AF1998.jpg,3
AF1999.jpg,3
AF2.jpg,4
AF20.jpg,3
AF200.jpg,2
AF2000.jpg,4
AF201.jpg,3
AF202.jpg,3
AF203.jpg,4
AF204.jpg,3
AF205.jpg,4
AF206.jpg,3
AF207.jpg,3
AF208.jpg,3
AF209.jpg,3
AF21.jpg,3
AF210.jpg,2
AF211.jpg,2
AF212.jpg,3
AF213.jpg,4
AF214.jpg,3
AF215.jpg,3
AF216.jpg,3
AF217.jpg,2
AF218.jpg,2
AF219.jpg,2
AF22.jpg,2
AF220.jpg,3
AF221.jpg,2
AF222.jpg,3
AF223.jpg,2
AF224.jpg,3
AF225.jpg,4
AF226.jpg,2
AF227.jpg,3
AF228.jpg,2
AF229.jpg,3
AF23.jpg,3
AF230.jpg,3
AF231.jpg,3
AF232.jpg,2
AF233.jpg,3
AF234.jpg,2
AF235.jpg,3
AF236.jpg,4
AF237.jpg,3
AF238.jpg,3
AF239.jpg,3
AF24.jpg,2
AF240.jpg,3
AF241.jpg,2
AF242.jpg,3
AF243.jpg,2
AF244.jpg,4
AF245.jpg,3
AF246.jpg,3
AF247.jpg,3
AF248.jpg,2
AF249.jpg,3
AF25.jpg,2
AF250.jpg,3
AF251.jpg,3
AF252.jpg,3
AF253.jpg,3
AF254.jpg,3
AF255.jpg,2
AF256.jpg,3
AF257.jpg,2
AF258.jpg,2
AF259.jpg,2
AF26.jpg,2
AF260.jpg,2
AF261.jpg,2
AF262.jpg,2
AF263.jpg,3
AF264.jpg,3
AF265.jpg,2
AF266.jpg,2
AF267.jpg,2
AF268.jpg,3
AF269.jpg,4
AF27.jpg,3
AF270.jpg,1
AF271.jpg,3
AF272.jpg,3
AF273.jpg,3
AF274.jpg,3
AF275.jpg,3
AF276.jpg,2
AF277.jpg,3
AF278.jpg,3
AF279.jpg,3
AF28.jpg,2
AF280.jpg,3
AF281.jpg,2
AF282.jpg,3
AF283.jpg,3
AF284.jpg,3
AF285.jpg,3
AF286.jpg,3
AF287.jpg,2
AF288.jpg,3
AF289.jpg,2
AF29.jpg,3
AF290.jpg,2
AF291.jpg,2
AF292.jpg,3
AF293.jpg,3
AF294.jpg,3
AF295.jpg,2
AF296.jpg,3
AF297.jpg,4
AF298.jpg,2
AF299.jpg,2
AF3.jpg,3
AF30.jpg,3
AF300.jpg,4
AF301.jpg,3
AF302.jpg,3
AF303.jpg,3
AF304.jpg,2
AF305.jpg,2
AF306.jpg,3
AF307.jpg,2
AF308.jpg,2
AF309.jpg,3
AF31.jpg,3
AF310.jpg,2
AF311.jpg,3
AF312.jpg,2
AF313.jpg,3
AF314.jpg,2
AF315.jpg,3
AF316.jpg,2
AF317.jpg,4
AF318.jpg,2
AF319.jpg,3
AF32.jpg,3
AF320.jpg,2
AF321.jpg,2
AF322.jpg,2
AF323.jpg,3
AF324.jpg,3
AF325.jpg,3
AF326.jpg,3
AF327.jpg,3
AF328.jpg,3
AF329.jpg,3
AF33.jpg,3
AF330.jpg,3
AF331.jpg,2
AF332.jpg,2
AF333.jpg,3
AF334.jpg,2
AF335.jpg,2
AF336.jpg,3
AF337.jpg,2
AF338.jpg,3
AF339.jpg,2
AF34.jpg,2
AF340.jpg,3
AF341.jpg,2
AF342.jpg,3
AF343.jpg,3
AF344.jpg,3
AF345.jpg,2
AF346.jpg,2
AF347.jpg,3
AF348.jpg,2
AF349.jpg,3
AF35.jpg,3
AF350.jpg,2
AF351.jpg,3
AF352.jpg,2
AF353.jpg,2
AF354.jpg,3
AF355.jpg,3
AF356.jpg,3
AF357.jpg,3
AF358.jpg,3
AF359.jpg,2
AF36.jpg,2
AF360.jpg,2
AF361.jpg,3
AF362.jpg,2
AF363.jpg,2
AF364.jpg,3
AF365.jpg,2
AF366.jpg,3
AF367.jpg,3
AF368.jpg,3
AF369.jpg,3
AF37.jpg,2
AF370.jpg,3
AF371.jpg,2
AF372.jpg,3
AF373.jpg,3
AF374.jpg,2
AF375.jpg,2
AF376.jpg,3
AF377.jpg,2
AF378.jpg,3
AF379.jpg,3
AF38.jpg,2
AF380.jpg,3
AF381.jpg,3
AF382.jpg,2
AF383.jpg,2
AF384.jpg,2
AF385.jpg,2
AF386.jpg,3
AF387.jpg,2
AF388.jpg,2
AF389.jpg,3
AF39.jpg,2
AF390.jpg,3
AF391.jpg,1
AF392.jpg,3
AF393.jpg,3
AF394.jpg,3
AF395.jpg,4
AF396.jpg,2
AF397.jpg,3
AF398.jpg,4
AF399.jpg,2
AF4.jpg,3
AF40.jpg,3
AF400.jpg,3
AF401.jpg,2
AF402.jpg,3
AF403.jpg,3
AF404.jpg,3
AF405.jpg,3
AF406.jpg,3
AF407.jpg,3
AF408.jpg,3
AF409.jpg,4
AF41.jpg,4
AF410.jpg,2
AF411.jpg,2
AF412.jpg,3
AF413.jpg,2
AF414.jpg,2
AF415.jpg,3
AF416.jpg,3
AF417.jpg,3
AF418.jpg,3
AF419.jpg,3
AF42.jpg,2
AF420.jpg,3
AF421.jpg,3
AF422.jpg,2
AF423.jpg,3
AF424.jpg,3
AF425.jpg,2
AF426.jpg,2
AF427.jpg,2
AF428.jpg,3
AF429.jpg,2
AF43.jpg,2
AF430.jpg,3
AF431.jpg,3
AF432.jpg,3
AF433.jpg,4
AF434.jpg,3
AF435.jpg,2
AF436.jpg,2
AF437.jpg,3
AF438.jpg,3
AF439.jpg,3
AF44.jpg,3
AF440.jpg,3
AF441.jpg,3
AF442.jpg,3
AF443.jpg,2
AF444.jpg,3
AF445.jpg,2
AF446.jpg,3
AF447.jpg,4
AF448.jpg,3
AF449.jpg,3
AF45.jpg,3
AF450.jpg,3
AF451.jpg,3
AF452.jpg,3
AF453.jpg,4
AF454.jpg,3
AF455.jpg,2
AF456.jpg,3
AF457.jpg,3
AF458.jpg,3
AF459.jpg,2
AF46.jpg,2
AF460.jpg,3
AF461.jpg,2
AF462.jpg,3
AF463.jpg,2
AF464.jpg,3
AF465.jpg,2
AF466.jpg,3
AF467.jpg,3
AF468.jpg,3
AF469.jpg,3
AF47.jpg,3
AF470.jpg,4
AF471.jpg,3
AF472.jpg,3
AF473.jpg,3
AF474.jpg,2
AF475.jpg,2
AF476.jpg,4
AF477.jpg,3
AF478.jpg,3
AF479.jpg,3
AF48.jpg,2
AF480.jpg,3
AF481.jpg,2
AF482.jpg,3
AF483.jpg,3
AF484.jpg,4
AF485.jpg,3
AF486.jpg,2
AF487.jpg,3
AF488.jpg,3
AF489.jpg,2
AF49.jpg,2
AF490.jpg,2
AF491.jpg,4
AF492.jpg,4
AF493.jpg,3
AF494.jpg,2
AF495.jpg,3
AF496.jpg,2
AF497.jpg,2
AF498.jpg,3
AF499.jpg,3
AF5.jpg,2
AF50.jpg,3
AF500.jpg,2
AF501.jpg,4
AF502.jpg,3
AF503.jpg,4
AF504.jpg,2
AF505.jpg,3
AF506.jpg,3
AF507.jpg,3
AF508.jpg,2
AF509.jpg,3
AF51.jpg,2
AF510.jpg,4
AF511.jpg,3
AF512.jpg,2
AF513.jpg,3
AF514.jpg,2
AF515.jpg,3
AF516.jpg,3
AF517.jpg,2
AF518.jpg,2
AF519.jpg,3
AF52.jpg,2
AF520.jpg,2
AF521.jpg,3
AF522.jpg,2
AF523.jpg,2
AF524.jpg,3
AF525.jpg,2
AF526.jpg,3
AF527.jpg,3
AF528.jpg,3
AF529.jpg,3
AF53.jpg,2
AF530.jpg,3
AF531.jpg,3
AF532.jpg,2
AF533.jpg,3
AF534.jpg,2
AF535.jpg,3
AF536.jpg,2
AF537.jpg,2
AF538.jpg,3
AF539.jpg,4
AF54.jpg,2
AF540.jpg,3
AF541.jpg,3
AF542.jpg,3
AF543.jpg,3
AF544.jpg,2
AF545.jpg,4
AF546.jpg,2
AF547.jpg,3
AF548.jpg,4
AF549.jpg,2
AF55.jpg,2
AF550.jpg,3
AF551.jpg,4
AF552.jpg,3
AF553.jpg,3
AF554.jpg,3
AF555.jpg,3
AF556.jpg,3
AF557.jpg,2
AF558.jpg,2
AF559.jpg,3
AF56.jpg,3
AF560.jpg,2
AF561.jpg,4
AF562.jpg,3
AF563.jpg,3
AF564.jpg,3
AF565.jpg,4
AF566.jpg,2
AF567.jpg,4
AF568.jpg,2
AF569.jpg,4
AF57.jpg,2
AF570.jpg,2
AF571.jpg,3
AF572.jpg,3
AF573.jpg,3
AF574.jpg,3
AF575.jpg,3
AF576.jpg,3
AF577.jpg,3
AF578.jpg,2
AF579.jpg,3
AF58.jpg,3
AF580.jpg,3
AF581.jpg,3
AF582.jpg,4
AF583.jpg,3
AF584.jpg,3
AF585.jpg,2
AF586.jpg,4
AF587.jpg,2
AF588.jpg,3
AF589.jpg,3
AF59.jpg,2
AF590.jpg,3
AF591.jpg,3
AF592.jpg,5
AF593.jpg,4
AF594.jpg,2
AF595.jpg,2
AF596.jpg,3
AF597.jpg,3
AF598.jpg,2
AF599.jpg,3
AF6.jpg,2
AF60.jpg,3
AF600.jpg,3
AF601.jpg,2
AF602.jpg,3
AF603.jpg,4
AF604.jpg,3
AF605.jpg,3
AF606.jpg,3
AF607.jpg,3
AF608.jpg,2
AF609.jpg,2
AF61.jpg,2
AF610.jpg,2
AF611.jpg,3
AF612.jpg,2
AF613.jpg,2
AF614.jpg,3
AF615.jpg,3
AF616.jpg,2
AF617.jpg,2
AF618.jpg,3
AF619.jpg,3
AF62.jpg,3
AF620.jpg,3
AF621.jpg,3
AF622.jpg,2
AF623.jpg,3
AF624.jpg,3
AF625.jpg,3
AF626.jpg,3
AF627.jpg,3
AF628.jpg,3
AF629.jpg,3
AF63.jpg,2
AF630.jpg,4
AF631.jpg,3
AF632.jpg,2
AF633.jpg,4
AF634.jpg,3
AF635.jpg,3
AF636.jpg,4
AF637.jpg,3
AF638.jpg,2
AF639.jpg,4
AF64.jpg,2
AF640.jpg,3
AF641.jpg,2
AF642.jpg,3
AF643.jpg,2
AF644.jpg,3
AF645.jpg,3
AF646.jpg,4
AF647.jpg,4
AF648.jpg,3
AF649.jpg,2
AF65.jpg,3
AF650.jpg,2
AF651.jpg,3
AF652.jpg,3
AF653.jpg,3
AF654.jpg,3
AF655.jpg,3
AF656.jpg,3
AF657.jpg,2
AF658.jpg,3
AF659.jpg,3
AF66.jpg,2
AF660.jpg,3
AF661.jpg,2
AF662.jpg,3
AF663.jpg,3
AF664.jpg,2
AF665.jpg,3
AF666.jpg,3
AF667.jpg,2
AF668.jpg,2
AF669.jpg,3
AF67.jpg,3
AF670.jpg,3
AF671.jpg,3
AF672.jpg,2
AF673.jpg,3
AF674.jpg,3
AF675.jpg,4
AF676.jpg,3
AF677.jpg,2
AF678.jpg,4
AF679.jpg,3
AF68.jpg,3
AF680.jpg,2
AF681.jpg,3
AF682.jpg,4
AF683.jpg,3
AF684.jpg,3
AF685.jpg,4
AF686.jpg,3
AF687.jpg,3
AF688.jpg,2
AF689.jpg,3
AF69.jpg,3
AF690.jpg,4
AF691.jpg,2
AF692.jpg,2
AF693.jpg,3
AF694.jpg,2
AF695.jpg,5
AF696.jpg,2
AF697.jpg,3
AF698.jpg,2
AF699.jpg,3
AF7.jpg,3
AF70.jpg,3
AF700.jpg,2
AF701.jpg,3
AF702.jpg,3
AF703.jpg,2
AF704.jpg,3
AF705.jpg,2
AF706.jpg,2
AF707.jpg,2
AF708.jpg,2
AF709.jpg,3
AF71.jpg,3
AF710.jpg,2
AF711.jpg,3
AF712.jpg,3
AF713.jpg,3
AF714.jpg,3
AF715.jpg,4
AF716.jpg,2
AF717.jpg,2
AF718.jpg,3
AF719.jpg,2
AF72.jpg,2
AF720.jpg,4
AF721.jpg,3
AF722.jpg,4
AF723.jpg,3
AF724.jpg,4
AF725.jpg,3
AF726.jpg,3
AF727.jpg,3
AF728.jpg,2
AF729.jpg,3
AF73.jpg,3
AF730.jpg,3
AF731.jpg,4
AF732.jpg,3
AF733.jpg,3
AF734.jpg,3
AF735.jpg,3
AF736.jpg,2
AF737.jpg,3
AF738.jpg,4
AF739.jpg,2
AF74.jpg,2
AF740.jpg,3
AF741.jpg,3
AF742.jpg,3
AF743.jpg,3
AF744.jpg,2
AF745.jpg,3
AF746.jpg,3
AF747.jpg,3
AF748.jpg,3
AF749.jpg,3
AF75.jpg,2
AF750.jpg,4
AF751.jpg,3
AF752.jpg,2
AF753.jpg,4
AF754.jpg,2
AF755.jpg,4
AF756.jpg,1
AF757.jpg,1
AF758.jpg,4
AF759.jpg,2
AF76.jpg,3
AF760.jpg,3
AF761.jpg,2
AF762.jpg,4
AF763.jpg,3
AF764.jpg,3
AF765.jpg,3
AF766.jpg,2
AF767.jpg,3
AF768.jpg,3
AF769.jpg,3
AF77.jpg,3
AF770.jpg,4
AF771.jpg,3
AF772.jpg,4
AF773.jpg,3
AF774.jpg,3
AF775.jpg,2
AF776.jpg,3
AF777.jpg,2
AF778.jpg,3
AF779.jpg,4
AF78.jpg,3
AF780.jpg,3
AF781.jpg,3
AF782.jpg,3
AF783.jpg,4
AF784.jpg,3
AF785.jpg,3
AF786.jpg,3
AF787.jpg,2
AF788.jpg,1
AF789.jpg,2
AF79.jpg,3
AF790.jpg,3
AF791.jpg,3
AF792.jpg,3
AF793.jpg,3
AF794.jpg,3
AF795.jpg,3
AF796.jpg,3
AF797.jpg,3
AF798.jpg,4
AF799.jpg,3
AF8.jpg,3
AF80.jpg,3
AF800.jpg,2
AF801.jpg,3
AF802.jpg,3
AF803.jpg,3
AF804.jpg,3
AF805.jpg,2
AF806.jpg,2
AF807.jpg,3
AF808.jpg,2
AF809.jpg,3
AF81.jpg,2
AF810.jpg,3
AF811.jpg,2
AF812.jpg,4
AF813.jpg,3
AF814.jpg,3
AF815.jpg,1
AF816.jpg,3
AF817.jpg,3
AF818.jpg,3
AF819.jpg,3
AF82.jpg,3
AF820.jpg,3
AF821.jpg,2
AF822.jpg,2
AF823.jpg,3
AF824.jpg,2
AF825.jpg,3
AF826.jpg,3
AF827.jpg,3
AF828.jpg,2
AF829.jpg,2
AF83.jpg,3
AF830.jpg,3
AF831.jpg,2
AF832.jpg,3
AF833.jpg,3
AF834.jpg,3
AF835.jpg,3
AF836.jpg,4
AF837.jpg,2
AF838.jpg,4
AF839.jpg,3
AF84.jpg,3
AF840.jpg,4
AF841.jpg,2
AF842.jpg,3
AF843.jpg,2
AF844.jpg,3
AF845.jpg,3
AF846.jpg,2
AF847.jpg,3
AF848.jpg,3
AF849.jpg,3
AF85.jpg,3
AF850.jpg,4
AF851.jpg,2
AF852.jpg,3
AF853.jpg,3
AF854.jpg,3
AF855.jpg,4
AF856.jpg,3
AF857.jpg,2
AF858.jpg,4
AF859.jpg,3
AF86.jpg,2
AF860.jpg,4
AF861.jpg,3
AF862.jpg,4
AF863.jpg,3
AF864.jpg,3
AF865.jpg,2
AF866.jpg,2
AF867.jpg,4
AF868.jpg,2
AF869.jpg,4
AF87.jpg,2
AF870.jpg,3
AF871.jpg,3
AF872.jpg,4
AF873.jpg,3
AF874.jpg,3
AF875.jpg,3
AF876.jpg,3
AF877.jpg,4
AF878.jpg,3
AF879.jpg,3
AF88.jpg,2
AF880.jpg,4
AF881.jpg,4
AF882.jpg,4
AF883.jpg,3
AF884.jpg,2
AF885.jpg,4
AF886.jpg,2
AF887.jpg,2
AF888.jpg,3
AF889.jpg,3
AF89.jpg,2
AF890.jpg,3
AF891.jpg,2
AF892.jpg,4
AF893.jpg,3
AF894.jpg,3
AF895.jpg,4
AF896.jpg,3
AF897.jpg,4
AF898.jpg,4
AF899.jpg,3
AF9.jpg,2
AF90.jpg,2
AF900.jpg,3
AF901.jpg,2
AF902.jpg,3
AF903.jpg,3
AF904.jpg,3
AF905.jpg,4
AF906.jpg,3
AF907.jpg,2
AF908.jpg,3
AF909.jpg,4
AF91.jpg,3
AF910.jpg,3
AF911.jpg,2
AF912.jpg,4
AF913.jpg,3
AF914.jpg,4
AF915.jpg,3
AF916.jpg,3
AF917.jpg,1
AF918.jpg,2
AF919.jpg,3
AF92.jpg,3
AF920.jpg,3
AF921.jpg,4
AF922.jpg,2
AF923.jpg,3
AF924.jpg,3
AF925.jpg,2
AF926.jpg,4
AF927.jpg,3
AF928.jpg,4
AF929.jpg,4
AF93.jpg,3
AF930.jpg,4
AF931.jpg,3
AF932.jpg,3
AF933.jpg,4
AF934.jpg,4
AF935.jpg,3
AF936.jpg,3
AF937.jpg,3
AF938.jpg,4
AF939.jpg,2
AF94.jpg,3
AF940.jpg,3
AF941.jpg,2
AF942.jpg,4
AF943.jpg,2
AF944.jpg,4
AF945.jpg,3
AF946.jpg,4
AF947.jpg,3
AF948.jpg,3
AF949.jpg,3
AF95.jpg,3
AF950.jpg,4
AF951.jpg,3
AF952.jpg,3
AF953.jpg,4
AF954.jpg,4
AF955.jpg,4
AF956.jpg,3
AF957.jpg,3
AF958.jpg,3
AF959.jpg,3
AF96.jpg,3
AF960.jpg,2
AF961.jpg,4
AF962.jpg,4
AF963.jpg,4
AF964.jpg,4
AF965.jpg,3
AF966.jpg,3
AF967.jpg,4
AF968.jpg,2
AF969.jpg,4
AF97.jpg,2
AF970.jpg,3
AF971.jpg,4
AF972.jpg,4
AF973.jpg,3
AF974.jpg,3
AF975.jpg,2
AF976.jpg,4
AF977.jpg,4
AF978.jpg,2
AF979.jpg,2
AF98.jpg,2
AF980.jpg,4
AF981.jpg,3
AF982.jpg,3
AF983.jpg,4
AF984.jpg,4
AF985.jpg,2
AF986.jpg,2
AF987.jpg,4
AF988.jpg,2
AF989.jpg,2
AF99.jpg,3
AF990.jpg,2
AF991.jpg,3
AF992.jpg,3
AF993.jpg,3
AF994.jpg,4
AF995.jpg,3
AF996.jpg,3
AF997.jpg,4
AF998.jpg,3
AF999.jpg,4
AM1.jpg,4
AM10.jpg,1
AM100.jpg,2
AM1000.jpg,3
AM1001.jpg,2
AM1002.jpg,2
AM1003.jpg,2
AM1004.jpg,2
AM1005.jpg,2
AM1006.jpg,2
AM1007.jpg,2
AM1008.jpg,2
AM1009.jpg,3
AM101.jpg,3
AM1010.jpg,2
AM1011.jpg,3
AM1012.jpg,2
AM1013.jpg,3
AM1014.jpg,2
AM1015.jpg,2
AM1016.jpg,2
AM1017.jpg,2
AM1018.jpg,3
AM1019.jpg,3
AM102.jpg,3
AM1020.jpg,4
AM1021.jpg,3
AM1022.jpg,2
AM1023.jpg,2
AM1024.jpg,3
AM1025.jpg,3
AM1026.jpg,2
AM1027.jpg,2
AM1028.jpg,2
AM1029.jpg,2
AM103.jpg,3
AM1030.jpg,3
AM1031.jpg,2
AM1032.jpg,2
AM1033.jpg,2
AM1034.jpg,2
AM1035.jpg,2
AM1036.jpg,2
AM1037.jpg,2
AM1038.jpg,3
AM1039.jpg,3
AM104.jpg,4
AM1040.jpg,2
AM1041.jpg,3
AM1042.jpg,3
AM1043.jpg,4
AM1044.jpg,3
AM1045.jpg,2
AM1046.jpg,2
AM1047.jpg,4
AM1048.jpg,3
AM1049.jpg,3
AM105.jpg,3
AM1050.jpg,3
AM1051.jpg,3
AM1052.jpg,3
AM1053.jpg,3
AM1054.jpg,2
AM1055.jpg,2
AM1056.jpg,3
AM1057.jpg,2
AM1058.jpg,3
AM1059.jpg,2
AM106.jpg,3
AM1060.jpg,2
AM1061.jpg,3
AM1062.jpg,3
AM1063.jpg,2
AM1064.jpg,4
AM1065.jpg,2
AM1066.jpg,3
AM1067.jpg,2
AM1068.jpg,2
AM1069.jpg,2
AM107.jpg,3
AM1070.jpg,3
AM1071.jpg,2
AM1072.jpg,3
AM1073.jpg,2
AM1074.jpg,3
AM1075.jpg,3
AM1076.jpg,3
AM1077.jpg,3
AM1078.jpg,2
AM1079.jpg,2
AM108.jpg,4
AM1080.jpg,3
AM1081.jpg,2
AM1082.jpg,2
AM1083.jpg,3
AM1084.jpg,2
AM1085.jpg,3
AM1086.jpg,3
AM1087.jpg,2
AM1088.jpg,2
AM1089.jpg,2
AM109.jpg,3
AM1090.jpg,2
AM1091.jpg,2
AM1092.jpg,3
AM1093.jpg,3
AM1094.jpg,3
AM1095.jpg,4
AM1096.jpg,3
AM1097.jpg,2
AM1098.jpg,3
AM1099.jpg,3
AM11.jpg,4
AM110.jpg,2
AM1100.jpg,2
AM1101.jpg,2
AM1102.jpg,2
AM1103.jpg,3
AM1104.jpg,2
AM1105.jpg,2
AM1106.jpg,2
AM1107.jpg,2
AM1108.jpg,3
AM1109.jpg,2
AM111.jpg,1
AM1110.jpg,3
AM1111.jpg,2
AM1112.jpg,3
AM1113.jpg,3
AM1114.jpg,3
AM1115.jpg,3
AM1116.jpg,3
AM1117.jpg,3
AM1118.jpg,2
AM1119.jpg,3
AM112.jpg,4
AM1120.jpg,3
AM1121.jpg,3
AM1122.jpg,2
AM1123.jpg,2
AM1124.jpg,2
AM1125.jpg,2
AM1126.jpg,2
AM1127.jpg,3
AM1128.jpg,3
AM1129.jpg,2
AM113.jpg,3
AM1130.jpg,2
AM1131.jpg,2
AM1132.jpg,2
AM1133.jpg,3
AM1134.jpg,3
AM1135.jpg,2
AM1136.jpg,3
AM1137.jpg,3
AM1138.jpg,3
AM1139.jpg,2
AM114.jpg,3
AM1140.jpg,3
AM1141.jpg,3
AM1142.jpg,2
AM1143.jpg,2
AM1144.jpg,2
AM1145.jpg,4
AM1146.jpg,3
AM1147.jpg,3
AM1148.jpg,3
AM1149.jpg,2
AM115.jpg,2
AM1150.jpg,2
AM1151.jpg,3
AM1152.jpg,2
AM1153.jpg,2
AM1154.jpg,3
AM1155.jpg,3
AM1156.jpg,3
AM1157.jpg,3
AM1158.jpg,3
AM1159.jpg,3
AM116.jpg,4
AM1160.jpg,2
AM1161.jpg,3
AM1162.jpg,4
AM1163.jpg,3
AM1164.jpg,3
AM1165.jpg,3
AM1166.jpg,2
AM1167.jpg,3
AM1168.jpg,2
AM1169.jpg,2
AM117.jpg,4
AM1170.jpg,2
AM1171.jpg,2
AM1172.jpg,2
AM1173.jpg,2
AM1174.jpg,2
AM1175.jpg,3
AM1176.jpg,2
AM1177.jpg,2
AM1178.jpg,2
AM1179.jpg,3
AM118.jpg,4
AM1180.jpg,3
AM1181.jpg,2
AM1182.jpg,2
AM1183.jpg,3
AM1184.jpg,3
AM1185.jpg,3
AM1186.jpg,2
AM1187.jpg,3
AM1188.jpg,2
AM1189.jpg,2
AM119.jpg,4
AM1190.jpg,3
AM1191.jpg,3
AM1192.jpg,3
AM1193.jpg,3
AM1194.jpg,3
AM1195.jpg,2
AM1196.jpg,2
AM1197.jpg,2
AM1198.jpg,3
AM1199.jpg,3
AM12.jpg,3
AM120.jpg,4
AM1200.jpg,3
AM1201.jpg,2
AM1202.jpg,3
AM1203.jpg,3
AM1204.jpg,3
AM1205.jpg,3
AM1206.jpg,2
AM1207.jpg,2
AM1208.jpg,2
AM1209.jpg,2
AM121.jpg,3
AM1210.jpg,2
AM1211.jpg,2
AM1212.jpg,2
AM1213.jpg,2
AM1214.jpg,3
AM1215.jpg,2
AM1216.jpg,2
AM1217.jpg,3
AM1218.jpg,4
AM1219.jpg,3
AM122.jpg,3
AM1220.jpg,2
AM1221.jpg,3
AM1222.jpg,3
AM1223.jpg,3
AM1224.jpg,3
AM1225.jpg,2
AM1226.jpg,3
AM1227.jpg,2
AM1228.jpg,2
AM1229.jpg,3
AM123.jpg,4
AM1230.jpg,3
AM1231.jpg,2
AM1232.jpg,2
AM1233.jpg,3
AM1234.jpg,2
AM1235.jpg,2
AM1236.jpg,2
AM1237.jpg,3
AM1238.jpg,3
AM1239.jpg,3
AM124.jpg,4
AM1240.jpg,2
AM1241.jpg,2
AM1242.jpg,2
AM1243.jpg,3
AM1244.jpg,2
AM1245.jpg,3
AM1246.jpg,3
AM1247.jpg,2
AM1248.jpg,3
AM1249.jpg,2
AM125.jpg,4
AM1250.jpg,3
AM1251.jpg,3
AM1252.jpg,2
AM1253.jpg,2
AM1254.jpg,2
AM1255.jpg,2
AM1256.jpg,3
AM1257.jpg,3
AM1258.jpg,3
AM1259.jpg,3
AM126.jpg,2
AM1260.jpg,3
AM1261.jpg,3
AM1262.jpg,3
AM1263.jpg,2
AM1264.jpg,3
AM1265.jpg,2
AM1266.jpg,3
AM1267.jpg,2
AM1268.jpg,2
AM1269.jpg,2
AM127.jpg,4
AM1270.jpg,2
AM1271.jpg,2
AM1272.jpg,2
AM1273.jpg,3
AM1274.jpg,3
AM1275.jpg,2
AM1276.jpg,2
AM1277.jpg,2
AM1278.jpg,2
AM1279.jpg,3
AM128.jpg,3
AM1280.jpg,3
AM1281.jpg,2
AM1282.jpg,2
AM1283.jpg,3
AM1284.jpg,2
AM1285.jpg,2
AM1286.jpg,3
AM1287.jpg,2
AM1288.jpg,2
AM1289.jpg,3
AM129.jpg,4
AM1290.jpg,2
AM1291.jpg,2
AM1292.jpg,3
AM1293.jpg,3
AM1294.jpg,2
AM1295.jpg,2
AM1296.jpg,3
AM1297.jpg,2
AM1298.jpg,3
AM1299.jpg,3
AM13.jpg,3
AM130.jpg,4
AM1300.jpg,2
AM1301.jpg,3
AM1302.jpg,2
AM1303.jpg,2
AM1304.jpg,2
AM1305.jpg,3
AM1306.jpg,3
AM1307.jpg,3
AM1308.jpg,2
AM1309.jpg,3
AM131.jpg,4
AM1310.jpg,3
AM1311.jpg,3
AM1312.jpg,3
AM1313.jpg,3
AM1314.jpg,3
AM1315.jpg,2
AM1316.jpg,2
AM1317.jpg,3
AM1318.jpg,3
AM1319.jpg,3
AM132.jpg,3
AM1320.jpg,2
AM1321.jpg,3
AM1322.jpg,2
AM1323.jpg,3
AM1324.jpg,3
AM1325.jpg,2
AM1326.jpg,3
AM1327.jpg,3
AM1328.jpg,2
AM1329.jpg,3
AM133.jpg,3
AM1330.jpg,3
AM1331.jpg,3
AM1332.jpg,2
AM1333.jpg,3
AM1334.jpg,2
AM1335.jpg,3
AM1336.jpg,3
AM1337.jpg,3
AM1338.jpg,2
AM1339.jpg,2
AM134.jpg,4
AM1340.jpg,3
AM1341.jpg,3
AM1342.jpg,3
AM1343.jpg,3
AM1344.jpg,3
AM1345.jpg,3
AM1346.jpg,3
AM1347.jpg,2
AM1348.jpg,2
AM1349.jpg,3
AM135.jpg,2
AM1350.jpg,2
AM1351.jpg,3
AM1352.jpg,3
AM1353.jpg,2
AM1354.jpg,2
AM1355.jpg,3
AM1356.jpg,2
AM1357.jpg,3
AM1358.jpg,3
AM1359.jpg,2
AM136.jpg,3
AM1360.jpg,2
AM1361.jpg,2
AM1362.jpg,3
AM1363.jpg,2
AM1364.jpg,2
AM1365.jpg,3
AM1366.jpg,3
AM1367.jpg,2
AM1368.jpg,3
AM1369.jpg,3
AM137.jpg,4
AM1370.jpg,3
AM1371.jpg,3
AM1372.jpg,2
AM1373.jpg,2
AM1374.jpg,3
AM1375.jpg,3
AM1376.jpg,3
AM1377.jpg,2
AM1378.jpg,3
AM1379.jpg,2
AM138.jpg,3
AM1380.jpg,3
AM1381.jpg,3
AM1382.jpg,2
AM1383.jpg,2
AM1384.jpg,2
AM1385.jpg,3
AM1386.jpg,3
AM1387.jpg,2
AM1388.jpg,3
AM1389.jpg,3
AM139.jpg,5
AM1390.jpg,2
AM1391.jpg,2
AM1392.jpg,2
AM1393.jpg,3
AM1394.jpg,3
AM1395.jpg,3
AM1396.jpg,3
AM1397.jpg,3
AM1398.jpg,3
AM1399.jpg,3
AM14.jpg,4
AM140.jpg,3
AM1400.jpg,3
AM1401.jpg,2
AM1402.jpg,3
AM1403.jpg,3
AM1404.jpg,3
AM1405.jpg,3
AM1406.jpg,3
AM1407.jpg,2
AM1408.jpg,3
AM1409.jpg,3
AM141.jpg,4
AM1410.jpg,3
AM1411.jpg,3
AM1412.jpg,3
AM1413.jpg,3
AM1414.jpg,3
AM1415.jpg,2
AM1416.jpg,3
AM1417.jpg,2
AM1418.jpg,3
AM1419.jpg,2
AM142.jpg,3
AM1420.jpg,3
AM1421.jpg,3
AM1422.jpg,3
AM1423.jpg,2
AM1424.jpg,3
AM1425.jpg,2
AM1426.jpg,2
AM1427.jpg,3
AM1428.jpg,3
AM1429.jpg,3
AM143.jpg,3
AM1430.jpg,2
AM1431.jpg,3
AM1432.jpg,3
AM1433.jpg,3
AM1434.jpg,2
AM1435.jpg,3
AM1436.jpg,3
AM1437.jpg,3
AM1438.jpg,3
AM1439.jpg,3
AM144.jpg,3
AM1440.jpg,2
AM1441.jpg,2
AM1442.jpg,2
AM1443.jpg,2
AM1444.jpg,2
AM1445.jpg,3
AM1446.jpg,3
AM1447.jpg,3
AM1448.jpg,3
AM1449.jpg,2
AM145.jpg,3
AM1450.jpg,3
AM1451.jpg,2
AM1452.jpg,2
AM1453.jpg,2
AM1454.jpg,3
AM1455.jpg,2
AM1456.jpg,3
AM1457.jpg,3
AM1458.jpg,2
AM1459.jpg,3
AM146.jpg,3
AM1460.jpg,2
AM1461.jpg,4
AM1462.jpg,2
AM1463.jpg,2
AM1464.jpg,4
AM1465.jpg,3
AM1466.jpg,4
AM1467.jpg,3
AM1468.jpg,2
AM1469.jpg,4
AM147.jpg,4
AM1470.jpg,4
AM1471.jpg,2
AM1472.jpg,2
AM1473.jpg,2
AM1474.jpg,2
AM1475.jpg,3
AM1476.jpg,3
AM1477.jpg,3
AM1478.jpg,2
AM1479.jpg,2
AM148.jpg,4
AM1480.jpg,2
AM1481.jpg,2
AM1482.jpg,2
AM1483.jpg,3
AM1484.jpg,3
AM1485.jpg,2
AM1486.jpg,3
AM1487.jpg,2
AM1488.jpg,3
AM1489.jpg,2
AM149.jpg,3
AM1490.jpg,2
AM1491.jpg,3
AM1492.jpg,3
AM1493.jpg,3
AM1494.jpg,3
AM1495.jpg,3
AM1496.jpg,2
AM1497.jpg,3
AM1498.jpg,3
AM1499.jpg,3
AM15.jpg,4
AM150.jpg,4
AM1500.jpg,3
AM1501.jpg,3
AM1502.jpg,3
AM1503.jpg,2
AM1504.jpg,3
AM1505.jpg,3
AM1506.jpg,3
AM1507.jpg,3
AM1508.jpg,3
AM1509.jpg,2
AM151.jpg,4
AM1510.jpg,3
AM1511.jpg,2
AM1512.jpg,3
AM1513.jpg,2
AM1514.jpg,3
AM1515.jpg,3
AM1516.jpg,2
AM1517.jpg,2
AM1518.jpg,3
AM1519.jpg,2
AM152.jpg,4
AM1520.jpg,3
AM1521.jpg,2
AM1522.jpg,2
AM1523.jpg,2
AM1524.jpg,3
AM1525.jpg,2
AM1526.jpg,3
AM1527.jpg,2
AM1528.jpg,2
AM1529.jpg,3
AM153.jpg,3
AM1530.jpg,3
AM1531.jpg,3
AM1532.jpg,3
AM1533.jpg,2
AM1534.jpg,2
AM1535.jpg,2
AM1536.jpg,3
AM1537.jpg,3
AM1538.jpg,3
AM1539.jpg,2
AM154.jpg,4
AM1540.jpg,3
AM1541.jpg,3
AM1542.jpg,3
AM1543.jpg,3
AM1544.jpg,3
AM1545.jpg,3
AM1546.jpg,3
AM1547.jpg,2
AM1548.jpg,2
AM1549.jpg,2
AM155.jpg,4
AM1550.jpg,3
AM1551.jpg,2
AM1552.jpg,3
AM1553.jpg,3
AM1554.jpg,3
AM1555.jpg,3
AM1556.jpg,3
AM1557.jpg,2
AM1558.jpg,2
AM1559.jpg,3
AM156.jpg,4
AM1560.jpg,3
AM1561.jpg,3
AM1562.jpg,4
AM1563.jpg,3
AM1564.jpg,4
AM1565.jpg,4
AM1566.jpg,4
AM1567.jpg,4
AM1568.jpg,4
AM1569.jpg,3
AM157.jpg,4
AM1570.jpg,4
AM1571.jpg,4
AM1572.jpg,4
AM1573.jpg,3
AM1574.jpg,3
AM1575.jpg,4
AM1576.jpg,4
AM1577.jpg,3
AM1578.jpg,3
AM1579.jpg,4
AM158.jpg,3
AM1580.jpg,4
AM1581.jpg,4
AM1582.jpg,4
AM1583.jpg,1
AM1584.jpg,2
AM1585.jpg,4
AM1586.jpg,3
AM1587.jpg,5
AM1588.jpg,4
AM1589.jpg,3
AM159.jpg,2
AM1590.jpg,4
AM1591.jpg,4
AM1592.jpg,4
AM1593.jpg,3
AM1594.jpg,4
AM1595.jpg,4
AM1596.jpg,4
AM1597.jpg,4
AM1598.jpg,4
AM1599.jpg,4
AM16.jpg,4
AM160.jpg,4
AM1600.jpg,4
AM1601.jpg,4
AM1602.jpg,4
AM1603.jpg,4
AM1604.jpg,4
AM1605.jpg,5
AM1606.jpg,4
AM1607.jpg,3
AM1608.jpg,4
AM1609.jpg,4
AM161.jpg,2
AM1610.jpg,3
AM1611.jpg,4
AM1612.jpg,4
AM1613.jpg,4
AM1614.jpg,4
AM1615.jpg,3
AM1616.jpg,4
AM1617.jpg,4
AM1618.jpg,4
AM1619.jpg,4
AM162.jpg,5
AM1620.jpg,2
AM1621.jpg,2
AM1622.jpg,3
AM1623.jpg,3
AM1624.jpg,5
AM1625.jpg,3
AM1626.jpg,4
AM1627.jpg,4
AM1628.jpg,4
AM1629.jpg,4
AM163.jpg,2
AM1630.jpg,4
AM1631.jpg,3
AM1632.jpg,4
AM1633.jpg,3
AM1634.jpg,3
AM1635.jpg,4
AM1636.jpg,4
AM1637.jpg,3
AM1638.jpg,4
AM1639.jpg,4
AM164.jpg,2
AM1640.jpg,4
AM1641.jpg,3
AM1642.jpg,4
AM1643.jpg,4
AM1644.jpg,4
AM1645.jpg,4
AM1646.jpg,4
AM1647.jpg,3
AM1648.jpg,4
AM1649.jpg,4
AM165.jpg,3
AM1650.jpg,4
AM1651.jpg,4
AM1652.jpg,4
AM1653.jpg,3
AM1654.jpg,4
AM1655.jpg,3
AM1656.jpg,4
AM1657.jpg,4
AM1658.jpg,3
AM1659.jpg,3
AM166.jpg,2
AM1660.jpg,4
AM1661.jpg,4
AM1662.jpg,4
AM1663.jpg,2
AM1664.jpg,4
AM1665.jpg,3
AM1666.jpg,4
AM1667.jpg,4
AM1668.jpg,3
AM1669.jpg,3
AM167.jpg,3
AM1670.jpg,3
AM1671.jpg,4
AM1672.jpg,3
AM1673.jpg,4
AM1674.jpg,4
AM1675.jpg,4
AM1676.jpg,3
AM1677.jpg,4
AM1678.jpg,4
AM1679.jpg,4
AM168.jpg,3
AM1680.jpg,3
AM1681.jpg,4
AM1682.jpg,4
AM1683.jpg,3
AM1684.jpg,4
AM1685.jpg,4
AM1686.jpg,4
AM1687.jpg,4
AM1688.jpg,4
AM1689.jpg,4
AM169.jpg,2
AM1690.jpg,4
AM1691.jpg,4
AM1692.jpg,5
AM1693.jpg,4
AM1694.jpg,3
AM1695.jpg,3
AM1696.jpg,4
AM1697.jpg,4
AM1698.jpg,4
AM1699.jpg,5
AM17.jpg,3
AM170.jpg,2
AM1700.jpg,4
AM1701.jpg,4
AM1702.jpg,4
AM1703.jpg,4
AM1704.jpg,4
AM1705.jpg,3
AM1706.jpg,3
AM1707.jpg,4
AM1708.jpg,4
AM1709.jpg,3
AM171.jpg,3
AM1710.jpg,4
AM1711.jpg,3
AM1712.jpg,4
AM1713.jpg,3
AM1714.jpg,3
AM1715.jpg,3
AM1716.jpg,4
AM1717.jpg,4
AM1718.jpg,4
AM1719.jpg,4
AM172.jpg,3
AM1720.jpg,4
AM1721.jpg,4
AM1722.jpg,3
AM1723.jpg,4
AM1724.jpg,4
AM1725.jpg,3
AM1726.jpg,4
AM1727.jpg,3
AM1728.jpg,4
AM1729.jpg,4
AM173.jpg,2
AM1730.jpg,3
AM1731.jpg,4
AM1732.jpg,4
AM1733.jpg,4
AM1734.jpg,4
AM1735.jpg,3
AM1736.jpg,4
AM1737.jpg,4
AM1738.jpg,4
AM1739.jpg,3
AM174.jpg,3
AM1740.jpg,4
AM1741.jpg,4
AM1742.jpg,4
AM1743.jpg,3
AM1744.jpg,3
AM1745.jpg,3
AM1746.jpg,4
AM1747.jpg,3
AM1748.jpg,3
AM1749.jpg,3
AM175.jpg,3
AM1750.jpg,4
AM1751.jpg,4
AM1752.jpg,4
AM1753.jpg,3
AM1754.jpg,4
AM1755.jpg,3
AM1756.jpg,4
AM1757.jpg,4
AM1758.jpg,4
AM1759.jpg,4
AM176.jpg,2
AM1760.jpg,4
AM1761.jpg,4
AM1762.jpg,2
AM1763.jpg,4
AM1764.jpg,3
AM1765.jpg,4
AM1766.jpg,4
AM1767.jpg,2
AM1768.jpg,3
AM1769.jpg,4
AM177.jpg,2
AM1770.jpg,3
AM1771.jpg,4
AM1772.jpg,3
AM1773.jpg,4
AM1774.jpg,4
AM1775.jpg,4
AM1776.jpg,4
AM1777.jpg,4
AM1778.jpg,2
AM1779.jpg,4
AM178.jpg,2
AM1780.jpg,3
AM1781.jpg,3
AM1782.jpg,3
AM1783.jpg,3
AM1784.jpg,4
AM1785.jpg,3
AM1786.jpg,4
AM1787.jpg,3
AM1788.jpg,2
AM1789.jpg,3
AM179.jpg,2
AM1790.jpg,4
AM1791.jpg,2
AM1792.jpg,3
AM1793.jpg,3
AM1794.jpg,3
AM1795.jpg,4
AM1796.jpg,4
AM1797.jpg,3
AM1798.jpg,3
AM1799.jpg,3
AM18.jpg,4
AM180.jpg,3
AM1800.jpg,4
AM1801.jpg,4
AM1802.jpg,4
AM1803.jpg,3
AM1804.jpg,3
AM1805.jpg,4
AM1806.jpg,3
AM1807.jpg,4
AM1808.jpg,4
AM1809.jpg,3
AM181.jpg,3
AM1810.jpg,3
AM1811.jpg,3
AM1812.jpg,3
AM1813.jpg,4
AM1814.jpg,2
AM1815.jpg,3
AM1816.jpg,3
AM1817.jpg,3
AM1818.jpg,2
AM1819.jpg,3
AM182.jpg,3
AM1820.jpg,2
AM1821.jpg,3
AM1822.jpg,4
AM1823.jpg,3
AM1824.jpg,3
AM1825.jpg,2
AM1826.jpg,3
AM1827.jpg,3
AM1828.jpg,3
AM1829.jpg,3
AM183.jpg,3
AM1830.jpg,3
AM1831.jpg,4
AM1832.jpg,4
AM1833.jpg,4
AM1834.jpg,4
AM1835.jpg,4
AM1836.jpg,4
AM1837.jpg,5
AM1838.jpg,5
AM1839.jpg,3
AM184.jpg,2
AM1840.jpg,3
AM1841.jpg,2
AM1842.jpg,4
AM1843.jpg,3
AM1844.jpg,3
AM1845.jpg,4
AM1846.jpg,2
AM1847.jpg,4
AM1848.jpg,2
AM1849.jpg,3
AM185.jpg,2
AM1850.jpg,2
AM1851.jpg,4
AM1852.jpg,4
AM1853.jpg,4
AM1854.jpg,4
AM1855.jpg,3
AM1856.jpg,4
AM1857.jpg,4
AM1858.jpg,4
AM1859.jpg,3
AM186.jpg,4
AM1860.jpg,2
AM1861.jpg,3
AM1862.jpg,4
AM1863.jpg,4
AM1864.jpg,4
AM1865.jpg,3
AM1866.jpg,3
AM1867.jpg,4
AM1868.jpg,4
AM1869.jpg,3
AM187.jpg,4
AM1870.jpg,3
AM1871.jpg,3
AM1872.jpg,3
AM1873.jpg,3
AM1874.jpg,2
AM1875.jpg,3
AM1876.jpg,3
AM1877.jpg,4
AM1878.jpg,4
AM1879.jpg,4
AM188.jpg,4
AM1880.jpg,3
AM1881.jpg,4
AM1882.jpg,3
AM1883.jpg,4
AM1884.jpg,4
AM1885.jpg,4
AM1886.jpg,3
AM1887.jpg,4
AM1888.jpg,3
AM1889.jpg,4
AM189.jpg,4
AM1890.jpg,3
AM1891.jpg,4
AM1892.jpg,4
AM1893.jpg,4
AM1894.jpg,4
AM1895.jpg,4
AM1896.jpg,3
AM1897.jpg,4
AM1898.jpg,3
AM1899.jpg,3
AM19.jpg,3
AM190.jpg,4
AM1900.jpg,3
AM1901.jpg,3
AM1902.jpg,3
AM1903.jpg,3
AM1904.jpg,2
AM1905.jpg,3
AM1906.jpg,3
AM1907.jpg,3
AM1908.jpg,2
AM1909.jpg,3
AM191.jpg,2
AM1910.jpg,3
AM1911.jpg,3
AM1912.jpg,3
AM1913.jpg,3
AM1914.jpg,3
AM1915.jpg,3
AM1916.jpg,3
AM1917.jpg,2
AM1918.jpg,3
AM1919.jpg,3
AM192.jpg,3
AM1920.jpg,3
AM1921.jpg,3
AM1922.jpg,2
AM1923.jpg,2
AM1924.jpg,3
AM1925.jpg,4
AM1926.jpg,4
AM1927.jpg,4
AM1928.jpg,3
AM1929.jpg,4
AM193.jpg,4
AM1930.jpg,4
AM1931.jpg,4
AM1932.jpg,3
AM1933.jpg,4
AM1934.jpg,4
AM1935.jpg,4
AM1936.jpg,5
AM1937.jpg,4
AM1938.jpg,4
AM1939.jpg,4
AM194.jpg,2
AM1940.jpg,4
AM1941.jpg,4
AM1942.jpg,3
AM1943.jpg,3
AM1944.jpg,4
AM1945.jpg,3
AM1946.jpg,3
AM1947.jpg,3
AM1948.jpg,3
AM1949.jpg,3
AM195.jpg,2
AM1950.jpg,3
AM1951.jpg,3
AM1952.jpg,4
AM1953.jpg,4
AM1954.jpg,4
AM1955.jpg,3
AM1956.jpg,4
AM1957.jpg,4
AM1958.jpg,2
AM1959.jpg,4
AM196.jpg,3
AM1960.jpg,3
AM1961.jpg,4
AM1962.jpg,4
AM1963.jpg,4
AM1964.jpg,4
AM1965.jpg,3
AM1966.jpg,4
AM1967.jpg,3
AM1968.jpg,4
AM1969.jpg,4
AM197.jpg,2
AM1970.jpg,4
AM1971.jpg,4
AM1972.jpg,4
AM1973.jpg,4
AM1974.jpg,4
AM1975.jpg,4
AM1976.jpg,3
AM1977.jpg,4
AM1978.jpg,3
AM1979.jpg,3
AM198.jpg,3
AM1980.jpg,4
AM1981.jpg,4
AM1982.jpg,3
AM1983.jpg,4
AM1984.jpg,4
AM1985.jpg,2
AM1986.jpg,3
AM1987.jpg,4
AM1988.jpg,4
AM1989.jpg,4
AM199.jpg,4
AM1990.jpg,4
AM1991.jpg,4
AM1992.jpg,4
AM1993.jpg,3
AM1994.jpg,4
AM1995.jpg,4
AM1996.jpg,4
AM1997.jpg,4
AM1998.jpg,3
AM1999.jpg,3
AM2.jpg,4
AM20.jpg,2
AM200.jpg,2
AM2000.jpg,3
AM201.jpg,3
AM202.jpg,2
AM203.jpg,3
AM204.jpg,2
AM205.jpg,4
AM206.jpg,2
AM207.jpg,2
AM208.jpg,4
AM209.jpg,4
AM21.jpg,4
AM210.jpg,4
AM211.jpg,2
AM212.jpg,3
AM213.jpg,3
AM214.jpg,2
AM215.jpg,2
AM216.jpg,3
AM217.jpg,4
AM218.jpg,4
AM219.jpg,3
AM22.jpg,5
AM220.jpg,2
AM221.jpg,2
AM222.jpg,2
AM223.jpg,2
AM224.jpg,3
AM225.jpg,2
AM226.jpg,3
AM227.jpg,2
AM228.jpg,3
AM229.jpg,3
AM23.jpg,4
AM230.jpg,2
AM231.jpg,3
AM232.jpg,2
AM233.jpg,3
AM234.jpg,3
AM235.jpg,2
AM236.jpg,2
AM237.jpg,2
AM238.jpg,2
AM239.jpg,2
AM24.jpg,3
AM240.jpg,4
AM241.jpg,4
AM242.jpg,2
AM243.jpg,3
AM244.jpg,2
AM245.jpg,5
AM246.jpg,3
AM247.jpg,4
AM248.jpg,4
AM249.jpg,2
AM25.jpg,4
AM250.jpg,3
AM251.jpg,3
AM252.jpg,2
AM253.jpg,3
AM254.jpg,2
AM255.jpg,3
AM256.jpg,3
AM257.jpg,3
AM258.jpg,2
AM259.jpg,2
AM26.jpg,2
AM260.jpg,3
AM261.jpg,3
AM262.jpg,3
AM263.jpg,2
AM264.jpg,2
AM265.jpg,2
AM266.jpg,3
AM267.jpg,4
AM268.jpg,3
AM269.jpg,4
AM27.jpg,4
AM270.jpg,3
AM271.jpg,2
AM272.jpg,2
AM273.jpg,2
AM274.jpg,4
AM275.jpg,3
AM276.jpg,3
AM277.jpg,3
AM278.jpg,3
AM279.jpg,2
AM28.jpg,4
AM280.jpg,2
AM281.jpg,2
AM282.jpg,2
AM283.jpg,3
AM284.jpg,2
AM285.jpg,3
AM286.jpg,2
AM287.jpg,2
AM288.jpg,2
AM289.jpg,2
AM29.jpg,4
AM290.jpg,2
AM291.jpg,3
AM292.jpg,3
AM293.jpg,2
AM294.jpg,3
AM295.jpg,3
AM296.jpg,2
AM297.jpg,2
AM298.jpg,2
AM299.jpg,3
AM3.jpg,4
AM30.jpg,4
AM300.jpg,2
AM301.jpg,3
AM302.jpg,2
AM303.jpg,2
AM304.jpg,4
AM305.jpg,4
AM306.jpg,3
AM307.jpg,4
AM308.jpg,4
AM309.jpg,3
AM31.jpg,4
AM310.jpg,4
AM311.jpg,2
AM312.jpg,3
AM313.jpg,2
AM314.jpg,3
AM315.jpg,3
AM316.jpg,3
AM317.jpg,3
AM318.jpg,4
AM319.jpg,3
AM32.jpg,4
AM320.jpg,4
AM321.jpg,4
AM322.jpg,4
AM323.jpg,3
AM324.jpg,3
AM325.jpg,4
AM326.jpg,2
AM327.jpg,3
AM328.jpg,3
AM329.jpg,3
AM33.jpg,2
AM330.jpg,3
AM331.jpg,2
AM332.jpg,3
AM333.jpg,3
AM334.jpg,3
AM335.jpg,3
AM336.jpg,3
AM337.jpg,4
AM338.jpg,4
AM339.jpg,2
AM34.jpg,4
AM340.jpg,3
AM341.jpg,2
AM342.jpg,3
AM343.jpg,3
AM344.jpg,2
AM345.jpg,2
AM346.jpg,3
AM347.jpg,2
AM348.jpg,2
AM349.jpg,3
AM35.jpg,3
AM350.jpg,2
AM351.jpg,3
AM352.jpg,3
AM353.jpg,3
AM354.jpg,3
AM355.jpg,3
AM356.jpg,3
AM357.jpg,4
AM358.jpg,3
AM359.jpg,2
AM36.jpg,4
AM360.jpg,3
AM361.jpg,3
AM362.jpg,3
AM363.jpg,2
AM364.jpg,2
AM365.jpg,3
AM366.jpg,2
AM367.jpg,3
AM368.jpg,2
AM369.jpg,3
AM37.jpg,3
AM370.jpg,3
AM371.jpg,3
AM372.jpg,2
AM373.jpg,2
AM374.jpg,3
AM375.jpg,3
AM376.jpg,3
AM377.jpg,3
AM378.jpg,3
AM379.jpg,2
AM38.jpg,3
AM380.jpg,3
AM381.jpg,3
AM382.jpg,2
AM383.jpg,3
AM384.jpg,3
AM385.jpg,2
AM386.jpg,3
AM387.jpg,2
AM388.jpg,3
AM389.jpg,2
AM39.jpg,4
AM390.jpg,5
AM391.jpg,3
AM392.jpg,3
AM393.jpg,3
AM394.jpg,2
AM395.jpg,2
AM396.jpg,3
AM397.jpg,2
AM398.jpg,3
AM399.jpg,3
AM4.jpg,3
AM40.jpg,4
AM400.jpg,3
AM401.jpg,2
AM402.jpg,3
AM403.jpg,3
AM404.jpg,3
AM405.jpg,3
AM406.jpg,3
AM407.jpg,2
AM408.jpg,2
AM409.jpg,3
AM41.jpg,4
AM410.jpg,2
AM411.jpg,3
AM412.jpg,3
AM413.jpg,3
AM414.jpg,3
AM415.jpg,3
AM416.jpg,3
AM417.jpg,3
AM418.jpg,2
AM419.jpg,3
AM42.jpg,4
AM420.jpg,2
AM421.jpg,4
AM422.jpg,3
AM423.jpg,3
AM424.jpg,3
AM425.jpg,3
AM426.jpg,3
AM427.jpg,3
AM428.jpg,3
AM429.jpg,3
AM43.jpg,3
AM430.jpg,3
AM431.jpg,3
AM432.jpg,3
AM433.jpg,2
AM434.jpg,3
AM435.jpg,2
AM436.jpg,3
AM437.jpg,2
AM438.jpg,3
AM439.jpg,3
AM44.jpg,4
AM440.jpg,2
AM441.jpg,2
AM442.jpg,3
AM443.jpg,2
AM444.jpg,3
AM445.jpg,2
AM446.jpg,3
AM447.jpg,2
AM448.jpg,2
AM449.jpg,2
AM45.jpg,4
AM450.jpg,2
AM451.jpg,3
AM452.jpg,2
AM453.jpg,3
AM454.jpg,2
AM455.jpg,3
AM456.jpg,3
AM457.jpg,3
AM458.jpg,3
AM459.jpg,3
AM46.jpg,4
AM460.jpg,3
AM461.jpg,2
AM462.jpg,2
AM463.jpg,3
AM464.jpg,3
AM465.jpg,2
AM466.jpg,3
AM467.jpg,2
AM468.jpg,2
AM469.jpg,3
AM47.jpg,3
AM470.jpg,3
AM471.jpg,2
AM472.jpg,3
AM473.jpg,2
AM474.jpg,2
AM475.jpg,3
AM476.jpg,3
AM477.jpg,3
AM478.jpg,3
AM479.jpg,2
AM48.jpg,4
AM480.jpg,3
AM481.jpg,3
AM482.jpg,3
AM483.jpg,2
AM484.jpg,3
AM485.jpg,3
AM486.jpg,2
AM487.jpg,2
AM488.jpg,2
AM489.jpg,2
AM49.jpg,4
AM490.jpg,3
AM491.jpg,2
AM492.jpg,2
AM493.jpg,2
AM494.jpg,3
AM495.jpg,2
AM496.jpg,2
AM497.jpg,2
AM498.jpg,3
AM499.jpg,2
AM5.jpg,2
AM50.jpg,3
AM500.jpg,3
AM501.jpg,2
AM502.jpg,3
AM503.jpg,3
AM504.jpg,3
AM505.jpg,2
AM506.jpg,3
AM507.jpg,3
AM508.jpg,3
AM509.jpg,3
AM51.jpg,4
AM510.jpg,3
AM511.jpg,3
AM512.jpg,2
AM513.jpg,3
AM514.jpg,2
AM515.jpg,3
AM516.jpg,3
AM517.jpg,3
AM518.jpg,2
AM519.jpg,2
AM52.jpg,2
AM520.jpg,3
AM521.jpg,3
AM522.jpg,2
AM523.jpg,3
AM524.jpg,2
AM525.jpg,3
AM526.jpg,3
AM527.jpg,3
AM528.jpg,3
AM529.jpg,3
AM53.jpg,4
AM530.jpg,3
AM531.jpg,3
AM532.jpg,3
AM533.jpg,3
AM534.jpg,3
AM535.jpg,2
AM536.jpg,2
AM537.jpg,3
AM538.jpg,3
AM539.jpg,2
AM54.jpg,3
AM540.jpg,3
AM541.jpg,3
AM542.jpg,2
AM543.jpg,3
AM544.jpg,3
AM545.jpg,2
AM546.jpg,3
AM547.jpg,2
AM548.jpg,3
AM549.jpg,2
AM55.jpg,4
AM550.jpg,2
AM551.jpg,2
AM552.jpg,2
AM553.jpg,3
AM554.jpg,3
AM555.jpg,2
AM556.jpg,3
AM557.jpg,3
AM558.jpg,3
AM559.jpg,3
AM56.jpg,4
AM560.jpg,3
AM561.jpg,3
AM562.jpg,3
AM563.jpg,3
AM564.jpg,3
AM565.jpg,2
AM566.jpg,2
AM567.jpg,2
AM568.jpg,2
AM569.jpg,3
AM57.jpg,3
AM570.jpg,2
AM571.jpg,2
AM572.jpg,3
AM573.jpg,2
AM574.jpg,3
AM575.jpg,3
AM576.jpg,2
AM577.jpg,3
AM578.jpg,2
AM579.jpg,3
AM58.jpg,2
AM580.jpg,2
AM581.jpg,3
AM582.jpg,3
AM583.jpg,3
AM584.jpg,2
AM585.jpg,3
AM586.jpg,3
AM587.jpg,3
AM588.jpg,2
AM589.jpg,2
AM59.jpg,4
AM590.jpg,3
AM591.jpg,3
AM592.jpg,4
AM593.jpg,2
AM594.jpg,2
AM595.jpg,3
AM596.jpg,3
AM597.jpg,3
AM598.jpg,3
AM599.jpg,2
AM6.jpg,4
AM60.jpg,3
AM600.jpg,2
AM601.jpg,3
AM602.jpg,3
AM603.jpg,3
AM604.jpg,3
AM605.jpg,2
AM606.jpg,3
AM607.jpg,2
AM608.jpg,3
AM609.jpg,2
AM61.jpg,2
AM610.jpg,3
AM611.jpg,3
AM612.jpg,3
AM613.jpg,3
AM614.jpg,3
AM615.jpg,2
AM616.jpg,3
AM617.jpg,2
AM618.jpg,3
AM619.jpg,2
AM62.jpg,4
AM620.jpg,3
AM621.jpg,3
AM622.jpg,2
AM623.jpg,3
AM624.jpg,2
AM625.jpg,3
AM626.jpg,3
AM627.jpg,3
AM628.jpg,3
AM629.jpg,3
AM63.jpg,4
AM630.jpg,3
AM631.jpg,3
AM632.jpg,3
AM633.jpg,3
AM634.jpg,2
AM635.jpg,3
AM636.jpg,2
AM637.jpg,3
AM638.jpg,2
AM639.jpg,3
AM64.jpg,4
AM640.jpg,3
AM641.jpg,3
AM642.jpg,3
AM643.jpg,3
AM644.jpg,3
AM645.jpg,3
AM646.jpg,2
AM647.jpg,3
AM648.jpg,3
AM649.jpg,4
AM65.jpg,3
AM650.jpg,3
AM651.jpg,3
AM652.jpg,3
AM653.jpg,3
AM654.jpg,3
AM655.jpg,3
AM656.jpg,3
AM657.jpg,3
AM658.jpg,3
AM659.jpg,3
AM66.jpg,3
AM660.jpg,2
AM661.jpg,2
AM662.jpg,3
AM663.jpg,3
AM664.jpg,2
AM665.jpg,2
AM666.jpg,3
AM667.jpg,3
AM668.jpg,3
AM669.jpg,3
AM67.jpg,3
AM670.jpg,2
AM671.jpg,2
AM672.jpg,3
AM673.jpg,3
AM674.jpg,2
AM675.jpg,3
AM676.jpg,3
AM677.jpg,3
AM678.jpg,3
AM679.jpg,2
AM68.jpg,4
AM680.jpg,2
AM681.jpg,3
AM682.jpg,3
AM683.jpg,3
AM684.jpg,3
AM685.jpg,3
AM686.jpg,3
AM687.jpg,3
AM688.jpg,2
AM689.jpg,3
AM69.jpg,3
AM690.jpg,2
AM691.jpg,3
AM692.jpg,2
AM693.jpg,3
AM694.jpg,3
AM695.jpg,3
AM696.jpg,3
AM697.jpg,3
AM698.jpg,3
AM699.jpg,3
AM7.jpg,3
AM70.jpg,2
AM700.jpg,2
AM701.jpg,2
AM702.jpg,3
AM703.jpg,3
AM704.jpg,2
AM705.jpg,3
AM706.jpg,3
AM707.jpg,2
AM708.jpg,2
AM709.jpg,3
AM71.jpg,4
AM710.jpg,3
AM711.jpg,3
AM712.jpg,2
AM713.jpg,2
AM714.jpg,3
AM715.jpg,3
AM716.jpg,3
AM717.jpg,2
AM718.jpg,3
AM719.jpg,3
AM72.jpg,4
AM720.jpg,3
AM721.jpg,3
AM722.jpg,3
AM723.jpg,2
AM724.jpg,2
AM725.jpg,3
AM726.jpg,3
AM727.jpg,3
AM728.jpg,3
AM729.jpg,3
AM73.jpg,2
AM730.jpg,3
AM731.jpg,3
AM732.jpg,2
AM733.jpg,3
AM734.jpg,2
AM735.jpg,2
AM736.jpg,3
AM737.jpg,3
AM738.jpg,3
AM739.jpg,2
AM74.jpg,2
AM740.jpg,3
AM741.jpg,3
AM742.jpg,3
AM743.jpg,3
AM744.jpg,3
AM745.jpg,3
AM746.jpg,3
AM747.jpg,3
AM748.jpg,3
AM749.jpg,3
AM75.jpg,4
AM750.jpg,2
AM751.jpg,3
AM752.jpg,2
AM753.jpg,2
AM754.jpg,3
AM755.jpg,3
AM756.jpg,3
AM757.jpg,3
AM758.jpg,3
AM759.jpg,3
AM76.jpg,3
AM760.jpg,2
AM761.jpg,3
AM762.jpg,4
AM763.jpg,3
AM764.jpg,3
AM765.jpg,3
AM766.jpg,3
AM767.jpg,3
AM768.jpg,3
AM769.jpg,3
AM77.jpg,4
AM770.jpg,2
AM771.jpg,2
AM772.jpg,2
AM773.jpg,2
AM774.jpg,3
AM775.jpg,3
AM776.jpg,3
AM777.jpg,3
AM778.jpg,3
AM779.jpg,2
AM78.jpg,3
AM780.jpg,3
AM781.jpg,3
AM782.jpg,3
AM783.jpg,3
AM784.jpg,2
AM785.jpg,3
AM786.jpg,3
AM787.jpg,3
AM788.jpg,3
AM789.jpg,2
AM79.jpg,2
AM790.jpg,2
AM791.jpg,3
AM792.jpg,2
AM793.jpg,3
AM794.jpg,3
AM795.jpg,2
AM796.jpg,2
AM797.jpg,3
AM798.jpg,3
AM799.jpg,2
AM8.jpg,4
AM80.jpg,3
AM800.jpg,3
AM801.jpg,3
AM802.jpg,3
AM803.jpg,3
AM804.jpg,3
AM805.jpg,2
AM806.jpg,2
AM807.jpg,2
AM808.jpg,2
AM809.jpg,2
AM81.jpg,4
AM810.jpg,3
AM811.jpg,3
AM812.jpg,2
AM813.jpg,4
AM814.jpg,2
AM815.jpg,2
AM816.jpg,2
AM817.jpg,2
AM818.jpg,3
AM819.jpg,3
AM82.jpg,3
AM820.jpg,3
AM821.jpg,2
AM822.jpg,3
AM823.jpg,3
AM824.jpg,2
AM825.jpg,3
AM826.jpg,3
AM827.jpg,3
AM828.jpg,3
AM829.jpg,3
AM83.jpg,3
AM830.jpg,2
AM831.jpg,3
AM832.jpg,2
AM833.jpg,2
AM834.jpg,3
AM835.jpg,3
AM836.jpg,3
AM837.jpg,3
AM838.jpg,2
AM839.jpg,3
AM84.jpg,4
AM840.jpg,3
AM841.jpg,3
AM842.jpg,3
AM843.jpg,2
AM844.jpg,3
AM845.jpg,3
AM846.jpg,3
AM847.jpg,3
AM848.jpg,3
AM849.jpg,2
AM85.jpg,2
AM850.jpg,3
AM851.jpg,2
AM852.jpg,2
AM853.jpg,2
AM854.jpg,3
AM855.jpg,3
AM856.jpg,2
AM857.jpg,3
AM858.jpg,3
AM859.jpg,3
AM86.jpg,3
AM860.jpg,3
AM861.jpg,3
AM862.jpg,2
AM863.jpg,4
AM864.jpg,3
AM865.jpg,3
AM866.jpg,3
AM867.jpg,4
AM868.jpg,2
AM869.jpg,2
AM87.jpg,4
AM870.jpg,2
AM871.jpg,2
AM872.jpg,2
AM873.jpg,2
AM874.jpg,2
AM875.jpg,3
AM876.jpg,3
AM877.jpg,2
AM878.jpg,3
AM879.jpg,3
AM88.jpg,4
AM880.jpg,3
AM881.jpg,2
AM882.jpg,3
AM883.jpg,2
AM884.jpg,3
AM885.jpg,2
AM886.jpg,3
AM887.jpg,2
AM888.jpg,3
AM889.jpg,2
AM89.jpg,3
AM890.jpg,2
AM891.jpg,3
AM892.jpg,2
AM893.jpg,2
AM894.jpg,3
AM895.jpg,3
AM896.jpg,2
AM897.jpg,3
AM898.jpg,2
AM899.jpg,3
AM9.jpg,4
AM90.jpg,2
AM900.jpg,3
AM901.jpg,3
AM902.jpg,3
AM903.jpg,2
AM904.jpg,3
AM905.jpg,3
AM906.jpg,3
AM907.jpg,3
AM908.jpg,2
AM909.jpg,3
AM91.jpg,3
AM910.jpg,2
AM911.jpg,3
AM912.jpg,3
AM913.jpg,2
AM914.jpg,2
AM915.jpg,3
AM916.jpg,3
AM917.jpg,3
AM918.jpg,2
AM919.jpg,3
AM92.jpg,3
AM920.jpg,2
AM921.jpg,2
AM922.jpg,3
AM923.jpg,2
AM924.jpg,3
AM925.jpg,3
AM926.jpg,2
AM927.jpg,3
AM928.jpg,3
AM929.jpg,2
AM93.jpg,2
AM930.jpg,2
AM931.jpg,3
AM932.jpg,2
AM933.jpg,3
AM934.jpg,2
AM935.jpg,2
AM936.jpg,2
AM937.jpg,3
AM938.jpg,3
AM939.jpg,3
AM94.jpg,3
AM940.jpg,3
AM941.jpg,2
AM942.jpg,3
AM943.jpg,3
AM944.jpg,2
AM945.jpg,2
AM946.jpg,3
AM947.jpg,2
AM948.jpg,3
AM949.jpg,3
AM95.jpg,2
AM950.jpg,3
AM951.jpg,2
AM952.jpg,2
AM953.jpg,3
AM954.jpg,3
AM955.jpg,3
AM956.jpg,2
AM957.jpg,2
AM958.jpg,2
AM959.jpg,2
AM96.jpg,2
AM960.jpg,3
AM961.jpg,3
AM962.jpg,3
AM963.jpg,3
AM964.jpg,2
AM965.jpg,3
AM966.jpg,3
AM967.jpg,3
AM968.jpg,2
AM969.jpg,3
AM97.jpg,4
AM970.jpg,3
AM971.jpg,2
AM972.jpg,3
AM973.jpg,3
AM974.jpg,2
AM975.jpg,3
AM976.jpg,2
AM977.jpg,2
AM978.jpg,3
AM979.jpg,2
AM98.jpg,3
AM980.jpg,2
AM981.jpg,3
AM982.jpg,3
AM983.jpg,3
AM984.jpg,3
AM985.jpg,3
AM986.jpg,2
AM987.jpg,3
AM988.jpg,3
AM989.jpg,3
AM99.jpg,4
AM990.jpg,3
AM991.jpg,2
AM992.jpg,3
AM993.jpg,2
AM994.jpg,3
AM995.jpg,3
AM996.jpg,2
AM997.jpg,3
AM998.jpg,3
AM999.jpg,2
CF1.jpg,4
CF10.jpg,4
CF100.jpg,2
CF101.jpg,2
CF102.jpg,3
CF103.jpg,3
CF104.jpg,3
CF105.jpg,3
CF106.jpg,3
CF107.jpg,4
CF108.jpg,2
CF109.jpg,2
CF11.jpg,4
CF110.jpg,3
CF111.jpg,3
CF112.jpg,3
CF113.jpg,3
CF114.jpg,2
CF115.jpg,3
CF116.jpg,3
CF117.jpg,2
CF118.jpg,2
CF119.jpg,3
CF12.jpg,4
CF120.jpg,3
CF121.jpg,2
CF122.jpg,3
CF123.jpg,3
CF124.jpg,3
CF125.jpg,4
CF126.jpg,3
CF127.jpg,3
CF128.jpg,3
CF129.jpg,2
CF13.jpg,4
CF130.jpg,3
CF131.jpg,3
CF132.jpg,3
CF133.jpg,3
CF134.jpg,3
CF135.jpg,2
CF136.jpg,2
CF137.jpg,3
CF138.jpg,2
CF139.jpg,2
CF14.jpg,4
CF140.jpg,3
CF141.jpg,4
CF142.jpg,2
CF143.jpg,4
CF144.jpg,3
CF145.jpg,2
CF146.jpg,3
CF147.jpg,2
CF148.jpg,2
CF149.jpg,4
CF15.jpg,4
CF150.jpg,4
CF151.jpg,3
CF152.jpg,2
CF153.jpg,4
CF154.jpg,2
CF155.jpg,2
CF156.jpg,3
CF157.jpg,3
CF158.jpg,2
CF159.jpg,2
CF16.jpg,4
CF160.jpg,2
CF161.jpg,2
CF162.jpg,2
CF163.jpg,3
CF164.jpg,3
CF165.jpg,2
CF166.jpg,2
CF167.jpg,3
CF168.jpg,3
CF169.jpg,3
CF17.jpg,4
CF170.jpg,2
CF171.jpg,2
CF172.jpg,3
CF173.jpg,3
CF174.jpg,3
CF175.jpg,3
CF176.jpg,3
CF177.jpg,3
CF178.jpg,3
CF179.jpg,3
CF18.jpg,4
CF180.jpg,3
CF181.jpg,3
CF182.jpg,3
CF183.jpg,3
CF184.jpg,3
CF185.jpg,3
CF186.jpg,2
CF187.jpg,2
CF188.jpg,3
CF189.jpg,3
CF19.jpg,4
CF190.jpg,2
CF191.jpg,2
CF192.jpg,3
CF193.jpg,4
CF194.jpg,3
CF195.jpg,3
CF196.jpg,3
CF197.jpg,3
CF198.jpg,2
CF199.jpg,3
CF2.jpg,4
CF20.jpg,3
CF200.jpg,3
CF201.jpg,3
CF202.jpg,3
CF203.jpg,2
CF204.jpg,3
CF205.jpg,3
CF206.jpg,2
CF207.jpg,2
CF208.jpg,3
CF209.jpg,3
CF21.jpg,4
CF210.jpg,3
CF211.jpg,2
CF212.jpg,2
CF213.jpg,3
CF214.jpg,2
CF215.jpg,3
CF216.jpg,3
CF217.jpg,4
CF218.jpg,3
CF219.jpg,2
CF22.jpg,4
CF220.jpg,3
CF221.jpg,3
CF222.jpg,3
CF223.jpg,2
CF224.jpg,3
CF225.jpg,3
CF226.jpg,3
CF227.jpg,3
CF228.jpg,3
CF229.jpg,3
CF23.jpg,4
CF230.jpg,3
CF231.jpg,3
CF232.jpg,4
CF233.jpg,3
CF234.jpg,2
CF235.jpg,3
CF236.jpg,2
CF237.jpg,3
CF238.jpg,3
CF239.jpg,3
CF24.jpg,4
CF240.jpg,3
CF241.jpg,2
CF242.jpg,5
CF243.jpg,4
CF244.jpg,4
CF245.jpg,2
CF246.jpg,3
CF247.jpg,3
CF248.jpg,2
CF249.jpg,3
CF25.jpg,4
CF250.jpg,3
CF251.jpg,2
CF252.jpg,4
CF253.jpg,3
CF254.jpg,3
CF255.jpg,2
CF256.jpg,2
CF257.jpg,3
CF258.jpg,3
CF259.jpg,3
CF26.jpg,3
CF260.jpg,3
CF261.jpg,3
CF262.jpg,3
CF263.jpg,2
CF264.jpg,3
CF265.jpg,2
CF266.jpg,3
CF267.jpg,3
CF268.jpg,3
CF269.jpg,4
CF27.jpg,5
CF270.jpg,3
CF271.jpg,3
CF272.jpg,3
CF273.jpg,3
CF274.jpg,3
CF275.jpg,3
CF276.jpg,3
CF277.jpg,2
CF278.jpg,3
CF279.jpg,4
CF28.jpg,4
CF280.jpg,2
CF281.jpg,2
CF282.jpg,3
CF283.jpg,3
CF284.jpg,4
CF285.jpg,3
CF286.jpg,3
CF287.jpg,3
CF288.jpg,3
CF289.jpg,3
CF29.jpg,3
CF290.jpg,3
CF291.jpg,3
CF292.jpg,3
CF293.jpg,3
CF294.jpg,3
CF295.jpg,4
CF296.jpg,3
CF297.jpg,2
CF298.jpg,3
CF299.jpg,4
CF3.jpg,4
CF30.jpg,3
CF300.jpg,2
CF301.jpg,4
CF302.jpg,3
CF303.jpg,3
CF304.jpg,3
CF305.jpg,4
CF306.jpg,3
CF307.jpg,3
CF308.jpg,2
CF309.jpg,4
CF31.jpg,3
CF310.jpg,3
CF311.jpg,3
CF312.jpg,3
CF313.jpg,2
CF314.jpg,2
CF315.jpg,3
CF316.jpg,3
CF317.jpg,3
CF318.jpg,2
CF319.jpg,3
CF32.jpg,2
CF320.jpg,2
CF321.jpg,2
CF322.jpg,2
CF323.jpg,3
CF324.jpg,2
CF325.jpg,3
CF326.jpg,3
CF327.jpg,3
CF328.jpg,3
CF329.jpg,3
CF33.jpg,3
CF330.jpg,2
CF331.jpg,2
CF332.jpg,3
CF333.jpg,2
CF334.jpg,2
CF335.jpg,3
CF336.jpg,3
CF337.jpg,3
CF338.jpg,3
CF339.jpg,3
CF34.jpg,4
CF340.jpg,2
CF341.jpg,3
CF342.jpg,3
CF343.jpg,3
CF344.jpg,3
CF345.jpg,2
CF346.jpg,3
CF347.jpg,3
CF348.jpg,2
CF349.jpg,3
CF35.jpg,3
CF350.jpg,3
CF351.jpg,2
CF352.jpg,2
CF353.jpg,3
CF354.jpg,2
CF355.jpg,2
CF356.jpg,3
CF357.jpg,3
CF358.jpg,3
CF359.jpg,3
CF36.jpg,3
CF360.jpg,2
CF361.jpg,3
CF362.jpg,3
CF363.jpg,3
CF364.jpg,3
CF365.jpg,4
CF366.jpg,3
CF367.jpg,3
CF368.jpg,3
CF369.jpg,3
CF37.jpg,3
CF370.jpg,3
CF371.jpg,3
CF372.jpg,3
CF373.jpg,2
CF374.jpg,4
CF375.jpg,3
CF376.jpg,2
CF377.jpg,3
CF378.jpg,2
CF379.jpg,4
CF38.jpg,4
CF380.jpg,3
CF381.jpg,2
CF382.jpg,2
CF383.jpg,3
CF384.jpg,3
CF385.jpg,4
CF386.jpg,3
CF387.jpg,2
CF388.jpg,3
CF389.jpg,2
CF39.jpg,3
CF390.jpg,3
CF391.jpg,4
CF392.jpg,3
CF393.jpg,3
CF394.jpg,3
CF395.jpg,3
CF396.jpg,3
CF397.jpg,3
CF398.jpg,3
CF399.jpg,3
CF4.jpg,4
CF40.jpg,3
CF400.jpg,3
CF401.jpg,3
CF402.jpg,2
CF403.jpg,2
CF404.jpg,2
CF405.jpg,3
CF406.jpg,2
CF407.jpg,3
CF408.jpg,3
CF409.jpg,3
CF41.jpg,2
CF410.jpg,3
CF411.jpg,4
CF412.jpg,2
CF413.jpg,3
CF414.jpg,2
CF415.jpg,3
CF416.jpg,2
CF417.jpg,3
CF418.jpg,3
CF419.jpg,2
CF42.jpg,3
CF420.jpg,4
CF421.jpg,3
CF422.jpg,3
CF423.jpg,4
CF424.jpg,3
CF425.jpg,3
CF426.jpg,3
CF427.jpg,3
CF428.jpg,3
CF429.jpg,3
CF43.jpg,2
CF430.jpg,2
CF431.jpg,3
CF432.jpg,2
CF433.jpg,2
CF434.jpg,3
CF435.jpg,3
CF436.jpg,3
CF437.jpg,3
CF438.jpg,2
CF439.jpg,3
CF44.jpg,3
CF440.jpg,3
CF441.jpg,3
CF442.jpg,3
CF443.jpg,2
CF444.jpg,2
CF445.jpg,3
CF446.jpg,2
CF447.jpg,3
CF448.jpg,3
CF449.jpg,3
CF45.jpg,3
CF450.jpg,3
CF451.jpg,3
CF452.jpg,3
CF453.jpg,2
CF454.jpg,2
CF455.jpg,4
CF456.jpg,4
CF457.jpg,3
CF458.jpg,3
CF459.jpg,3
CF46.jpg,2
CF460.jpg,3
CF461.jpg,3
CF462.jpg,2
CF463.jpg,3
CF464.jpg,2
CF465.jpg,3
CF466.jpg,3
CF467.jpg,3
CF468.jpg,3
CF469.jpg,2
CF47.jpg,3
CF470.jpg,4
CF471.jpg,3
CF472.jpg,3
CF473.jpg,3
CF474.jpg,2
CF475.jpg,3
CF476.jpg,3
CF477.jpg,2
CF478.jpg,3
CF479.jpg,3
CF48.jpg,3
CF480.jpg,4
CF481.jpg,2
CF482.jpg,3
CF483.jpg,4
CF484.jpg,3
CF485.jpg,3
CF486.jpg,3
CF487.jpg,2
CF488.jpg,3
CF489.jpg,3
CF49.jpg,4
CF490.jpg,3
CF491.jpg,2
CF492.jpg,2
CF493.jpg,3
CF494.jpg,2
CF495.jpg,3
CF496.jpg,2
CF497.jpg,3
CF498.jpg,3
CF499.jpg,2
CF5.jpg,4
CF50.jpg,4
CF500.jpg,3
CF501.jpg,2
CF502.jpg,3
CF503.jpg,3
CF504.jpg,2
CF505.jpg,3
CF506.jpg,3
CF507.jpg,3
CF508.jpg,3
CF509.jpg,3
CF51.jpg,2
CF510.jpg,4
CF511.jpg,2
CF512.jpg,3
CF513.jpg,2
CF514.jpg,2
CF515.jpg,2
CF516.jpg,3
CF517.jpg,2
CF518.jpg,2
CF519.jpg,3
CF52.jpg,3
CF520.jpg,3
CF521.jpg,2
CF522.jpg,3
CF523.jpg,2
CF524.jpg,3
CF525.jpg,2
CF526.jpg,3
CF527.jpg,3
CF528.jpg,3
CF529.jpg,3
CF53.jpg,2
CF530.jpg,3
CF531.jpg,3
CF532.jpg,3
CF533.jpg,3
CF534.jpg,3
CF535.jpg,3
CF536.jpg,4
CF537.jpg,3
CF538.jpg,3
CF539.jpg,3
CF54.jpg,2
CF540.jpg,4
CF541.jpg,4
CF542.jpg,3
CF543.jpg,3
CF544.jpg,4
CF545.jpg,4
CF546.jpg,4
CF547.jpg,4
CF548.jpg,4
CF549.jpg,4
CF55.jpg,4
CF550.jpg,3
CF551.jpg,4
CF552.jpg,4
CF553.jpg,4
CF554.jpg,4
CF555.jpg,4
CF556.jpg,5
CF557.jpg,4
CF558.jpg,4
CF559.jpg,4
CF56.jpg,2
CF560.jpg,3
CF561.jpg,4
CF562.jpg,4
CF563.jpg,4
CF564.jpg,4
CF565.jpg,4
CF566.jpg,4
CF567.jpg,4
CF568.jpg,4
CF569.jpg,4
CF57.jpg,4
CF570.jpg,3
CF571.jpg,4
CF572.jpg,4
CF573.jpg,4
CF574.jpg,4
CF575.jpg,4
CF576.jpg,5
CF577.jpg,4
CF578.jpg,4
CF579.jpg,4
CF58.jpg,2
CF580.jpg,4
CF581.jpg,4
CF582.jpg,4
CF583.jpg,4
CF584.jpg,4
CF585.jpg,4
CF586.jpg,4
CF587.jpg,4
CF588.jpg,4
CF589.jpg,4
CF59.jpg,2
CF590.jpg,4
CF591.jpg,4
CF592.jpg,4
CF593.jpg,4
CF594.jpg,3
CF595.jpg,4
CF596.jpg,4
CF597.jpg,4
CF598.jpg,4
CF599.jpg,4
CF6.jpg,4
CF60.jpg,3
CF600.jpg,4
CF601.jpg,4
CF602.jpg,4
CF603.jpg,4
CF604.jpg,4
CF605.jpg,4
CF606.jpg,4
CF607.jpg,4
CF608.jpg,2
CF609.jpg,5
CF61.jpg,4
CF610.jpg,4
CF611.jpg,4
CF612.jpg,4
CF613.jpg,4
CF614.jpg,4
CF615.jpg,4
CF616.jpg,4
CF617.jpg,3
CF618.jpg,4
CF619.jpg,4
CF62.jpg,2
CF620.jpg,5
CF621.jpg,4
CF622.jpg,3
CF623.jpg,4
CF624.jpg,4
CF625.jpg,4
CF626.jpg,3
CF627.jpg,4
CF628.jpg,4
CF629.jpg,4
CF63.jpg,2
CF630.jpg,4
CF631.jpg,4
CF632.jpg,4
CF633.jpg,4
CF634.jpg,5
CF635.jpg,4
CF636.jpg,4
CF637.jpg,4
CF638.jpg,4
CF639.jpg,4
CF64.jpg,3
CF640.jpg,5
CF641.jpg,4
CF642.jpg,4
CF643.jpg,3
CF644.jpg,4
CF645.jpg,4
CF646.jpg,4
CF647.jpg,4
CF648.jpg,5
CF649.jpg,4
CF65.jpg,1
CF650.jpg,4
CF651.jpg,4
CF652.jpg,4
CF653.jpg,4
CF654.jpg,4
CF655.jpg,4
CF656.jpg,3
CF657.jpg,4
CF658.jpg,4
CF659.jpg,4
CF66.jpg,3
CF660.jpg,3
CF661.jpg,4
CF662.jpg,4
CF663.jpg,4
CF664.jpg,3
CF665.jpg,4
CF666.jpg,4
CF667.jpg,4
CF668.jpg,5
CF669.jpg,4
CF67.jpg,3
CF670.jpg,5
CF671.jpg,4
CF672.jpg,3
CF673.jpg,4
CF674.jpg,4
CF675.jpg,4
CF676.jpg,3
CF677.jpg,4
CF678.jpg,4
CF679.jpg,4
CF68.jpg,4
CF680.jpg,4
CF681.jpg,4
CF682.jpg,4
CF683.jpg,4
CF684.jpg,4
CF685.jpg,3
CF686.jpg,4
CF687.jpg,4
CF688.jpg,4
CF689.jpg,4
CF69.jpg,3
CF690.jpg,4
CF691.jpg,3
CF692.jpg,4
CF693.jpg,4
CF694.jpg,3
CF695.jpg,4
CF696.jpg,3
CF697.jpg,3
CF698.jpg,4
CF699.jpg,4
CF7.jpg,4
CF70.jpg,3
CF700.jpg,4
CF701.jpg,4
CF702.jpg,5
CF703.jpg,4
CF704.jpg,4
CF705.jpg,4
CF706.jpg,4
CF707.jpg,4
CF708.jpg,4
CF709.jpg,4
CF71.jpg,3
CF710.jpg,4
CF711.jpg,4
CF712.jpg,4
CF713.jpg,4
CF714.jpg,4
CF715.jpg,4
CF716.jpg,3
CF717.jpg,3
CF718.jpg,4
CF719.jpg,5
CF72.jpg,2
CF720.jpg,3
CF721.jpg,4
CF722.jpg,4
CF723.jpg,3
CF724.jpg,3
CF725.jpg,4
CF726.jpg,4
CF727.jpg,5
CF728.jpg,4
CF729.jpg,4
CF73.jpg,2
CF730.jpg,4
CF731.jpg,4
CF732.jpg,4
CF733.jpg,3
CF734.jpg,4
CF735.jpg,4
CF736.jpg,4
CF737.jpg,4
CF738.jpg,4
CF739.jpg,4
CF74.jpg,2
CF740.jpg,4
CF741.jpg,4
CF742.jpg,4
CF743.jpg,3
CF744.jpg,4
CF745.jpg,3
CF746.jpg,3
CF747.jpg,3
CF748.jpg,4
CF749.jpg,4
CF75.jpg,2
CF750.jpg,4
CF76.jpg,2
CF77.jpg,3
CF78.jpg,2
CF79.jpg,3
CF8.jpg,5
CF80.jpg,3
CF81.jpg,3
CF82.jpg,3
CF83.jpg,3
CF84.jpg,3
CF85.jpg,3
CF86.jpg,3
CF87.jpg,2
CF88.jpg,3
CF89.jpg,4
CF9.jpg,4
CF90.jpg,3
CF91.jpg,2
CF92.jpg,3
CF93.jpg,4
CF94.jpg,2
CF95.jpg,2
CF96.jpg,3
CF97.jpg,3
CF98.jpg,3
CF99.jpg,4
CM1.jpg,3
CM10.jpg,4
CM100.jpg,3
CM101.jpg,4
CM102.jpg,3
CM103.jpg,3
CM104.jpg,3
CM105.jpg,3
CM106.jpg,3
CM107.jpg,3
CM108.jpg,4
CM109.jpg,3
CM11.jpg,4
CM110.jpg,3
CM111.jpg,3
CM112.jpg,3
CM113.jpg,3
CM114.jpg,3
CM115.jpg,3
CM116.jpg,3
CM117.jpg,3
CM118.jpg,2
CM119.jpg,3
CM12.jpg,4
CM120.jpg,3
CM121.jpg,2
CM122.jpg,3
CM123.jpg,3
CM124.jpg,3
CM125.jpg,2
CM126.jpg,3
CM127.jpg,4
CM128.jpg,2
CM129.jpg,3
CM13.jpg,4
CM130.jpg,3
CM131.jpg,2
CM132.jpg,3
CM133.jpg,3
CM134.jpg,3
CM135.jpg,3
CM136.jpg,3
CM137.jpg,2
CM138.jpg,2
CM139.jpg,2
CM14.jpg,3
CM140.jpg,3
CM141.jpg,3
CM142.jpg,3
CM143.jpg,3
CM144.jpg,2
CM145.jpg,2
CM146.jpg,3
CM147.jpg,2
CM148.jpg,4
CM149.jpg,3
CM15.jpg,3
CM150.jpg,3
CM151.jpg,2
CM152.jpg,2
CM153.jpg,2
CM154.jpg,4
CM155.jpg,3
CM156.jpg,2
CM157.jpg,4
CM158.jpg,3
CM159.jpg,2
CM16.jpg,4
CM160.jpg,5
CM161.jpg,2
CM162.jpg,3
CM163.jpg,4
CM164.jpg,3
CM165.jpg,3
CM166.jpg,2
CM167.jpg,3
CM168.jpg,3
CM169.jpg,3
CM17.jpg,4
CM170.jpg,3
CM171.jpg,2
CM172.jpg,3
CM173.jpg,3
CM174.jpg,4
CM175.jpg,3
CM176.jpg,3
CM177.jpg,3
CM178.jpg,2
CM179.jpg,3
CM18.jpg,3
CM180.jpg,3
CM181.jpg,3
CM182.jpg,3
CM183.jpg,4
CM184.jpg,3
CM185.jpg,3
CM186.jpg,4
CM187.jpg,4
CM188.jpg,3
CM189.jpg,3
CM19.jpg,4
CM190.jpg,2
CM191.jpg,3
CM192.jpg,3
CM193.jpg,3
CM194.jpg,2
CM195.jpg,2
CM196.jpg,3
CM197.jpg,2
CM198.jpg,3
CM199.jpg,2
CM2.jpg,4
CM20.jpg,4
CM200.jpg,4
CM201.jpg,3
CM202.jpg,3
CM203.jpg,3
CM204.jpg,3
CM205.jpg,2
CM206.jpg,3
CM207.jpg,2
CM208.jpg,3
CM209.jpg,3
CM21.jpg,3
CM210.jpg,3
CM211.jpg,3
CM212.jpg,2
CM213.jpg,3
CM214.jpg,3
CM215.jpg,3
CM216.jpg,3
CM217.jpg,3
CM218.jpg,3
CM219.jpg,3
CM22.jpg,4
CM220.jpg,3
CM221.jpg,3
CM222.jpg,3
CM223.jpg,4
CM224.jpg,3
CM225.jpg,3
CM226.jpg,2
CM227.jpg,3
CM228.jpg,3
CM229.jpg,3
CM23.jpg,4
CM230.jpg,2
CM231.jpg,2
CM232.jpg,3
CM233.jpg,3
CM234.jpg,4
CM235.jpg,3
CM236.jpg,2
CM237.jpg,3
CM238.jpg,3
CM239.jpg,3
CM24.jpg,3
CM240.jpg,2
CM241.jpg,3
CM242.jpg,3
CM243.jpg,2
CM244.jpg,3
CM245.jpg,3
CM246.jpg,3
CM247.jpg,3
CM248.jpg,2
CM249.jpg,3
CM25.jpg,3
CM250.jpg,3
CM251.jpg,4
CM252.jpg,3
CM253.jpg,2
CM254.jpg,3
CM255.jpg,3
CM256.jpg,3
CM257.jpg,2
CM258.jpg,3
CM259.jpg,3
CM26.jpg,2
CM260.jpg,3
CM261.jpg,3
CM262.jpg,3
CM263.jpg,3
CM264.jpg,3
CM265.jpg,3
CM266.jpg,3
CM267.jpg,3
CM268.jpg,3
CM269.jpg,3
CM27.jpg,3
CM270.jpg,3
CM271.jpg,3
CM272.jpg,3
CM273.jpg,3
CM274.jpg,2
CM275.jpg,3
CM276.jpg,3
CM277.jpg,3
CM278.jpg,4
CM279.jpg,2
CM28.jpg,3
CM280.jpg,3
CM281.jpg,3
CM282.jpg,3
CM283.jpg,3
CM284.jpg,3
CM285.jpg,3
CM286.jpg,3
CM287.jpg,3
CM288.jpg,3
CM289.jpg,3
CM29.jpg,2
CM290.jpg,3
CM291.jpg,2
CM292.jpg,3
CM293.jpg,2
CM294.jpg,3
CM295.jpg,2
CM296.jpg,2
CM297.jpg,3
CM298.jpg,3
CM299.jpg,3
CM3.jpg,4
CM30.jpg,4
CM300.jpg,3
CM301.jpg,2
CM302.jpg,3
CM303.jpg,3
CM304.jpg,3
CM305.jpg,3
CM306.jpg,4
CM307.jpg,2
CM308.jpg,3
CM309.jpg,4
CM31.jpg,3
CM310.jpg,3
CM311.jpg,3
CM312.jpg,2
CM313.jpg,3
CM314.jpg,3
CM315.jpg,3
CM316.jpg,3
CM317.jpg,4
CM318.jpg,3
CM319.jpg,3
CM32.jpg,2
CM320.jpg,3
CM321.jpg,3
CM322.jpg,3
CM323.jpg,2
CM324.jpg,3
CM325.jpg,3
CM326.jpg,2
CM327.jpg,3
CM328.jpg,2
CM329.jpg,2
CM33.jpg,3
CM330.jpg,3
CM331.jpg,3
CM332.jpg,4
CM333.jpg,3
CM334.jpg,2
CM335.jpg,3
CM336.jpg,3
CM337.jpg,3
CM338.jpg,2
CM339.jpg,3
CM34.jpg,2
CM340.jpg,2
CM341.jpg,3
CM342.jpg,2
CM343.jpg,3
CM344.jpg,3
CM345.jpg,2
CM346.jpg,2
CM347.jpg,2
CM348.jpg,3
CM349.jpg,3
CM35.jpg,3
CM350.jpg,2
CM351.jpg,3
CM352.jpg,3
CM353.jpg,3
CM354.jpg,3
CM355.jpg,2
CM356.jpg,2
CM357.jpg,3
CM358.jpg,3
CM359.jpg,3
CM36.jpg,2
CM360.jpg,3
CM361.jpg,3
CM362.jpg,3
CM363.jpg,2
CM364.jpg,4
CM365.jpg,3
CM366.jpg,3
CM367.jpg,2
CM368.jpg,3
CM369.jpg,3
CM37.jpg,3
CM370.jpg,2
CM371.jpg,2
CM372.jpg,3
CM373.jpg,3
CM374.jpg,3
CM375.jpg,3
CM376.jpg,3
CM377.jpg,3
CM378.jpg,4
CM379.jpg,3
CM38.jpg,4
CM380.jpg,3
CM381.jpg,3
CM382.jpg,3
CM383.jpg,3
CM384.jpg,3
CM385.jpg,3
CM386.jpg,3
CM387.jpg,3
CM388.jpg,3
CM389.jpg,2
CM39.jpg,3
CM390.jpg,3
CM391.jpg,3
CM392.jpg,3
CM393.jpg,3
CM394.jpg,3
CM395.jpg,3
CM396.jpg,3
CM397.jpg,3
CM398.jpg,2
CM399.jpg,3
CM4.jpg,4
CM40.jpg,3
CM400.jpg,2
CM401.jpg,3
CM402.jpg,3
CM403.jpg,3
CM404.jpg,3
CM405.jpg,3
CM406.jpg,3
CM407.jpg,2
CM408.jpg,3
CM409.jpg,3
CM41.jpg,4
CM410.jpg,3
CM411.jpg,3
CM412.jpg,3
CM413.jpg,3
CM414.jpg,3
CM415.jpg,3
CM416.jpg,3
CM417.jpg,3
CM418.jpg,2
CM419.jpg,2
CM42.jpg,4
CM420.jpg,4
CM421.jpg,3
CM422.jpg,2
CM423.jpg,3
CM424.jpg,3
CM425.jpg,3
CM426.jpg,3
CM427.jpg,2
CM428.jpg,3
CM429.jpg,3
CM43.jpg,3
CM430.jpg,2
CM431.jpg,3
CM432.jpg,3
CM433.jpg,3
CM434.jpg,3
CM435.jpg,3
CM436.jpg,3
CM437.jpg,3
CM438.jpg,3
CM439.jpg,3
CM44.jpg,3
CM440.jpg,2
CM441.jpg,3
CM442.jpg,3
CM443.jpg,3
CM444.jpg,3
CM445.jpg,4
CM446.jpg,2
CM447.jpg,3
CM448.jpg,3
CM449.jpg,3
CM45.jpg,3
CM450.jpg,4
CM451.jpg,3
CM452.jpg,2
CM453.jpg,2
CM454.jpg,2
CM455.jpg,3
CM456.jpg,2
CM457.jpg,3
CM458.jpg,3
CM459.jpg,3
CM46.jpg,4
CM460.jpg,3
CM461.jpg,3
CM462.jpg,3
CM463.jpg,3
CM464.jpg,2
CM465.jpg,3
CM466.jpg,3
CM467.jpg,3
CM468.jpg,3
CM469.jpg,3
CM47.jpg,3
CM470.jpg,3
CM471.jpg,3
CM472.jpg,3
CM473.jpg,3
CM474.jpg,3
CM475.jpg,3
CM476.jpg,3
CM477.jpg,3
CM478.jpg,3
CM479.jpg,2
CM48.jpg,2
CM480.jpg,3
CM481.jpg,3
CM482.jpg,3
CM483.jpg,4
CM484.jpg,3
CM485.jpg,4
CM486.jpg,3
CM487.jpg,2
CM488.jpg,3
CM489.jpg,3
CM49.jpg,2
CM490.jpg,3
CM491.jpg,3
CM492.jpg,2
CM493.jpg,3
CM494.jpg,3
CM495.jpg,2
CM496.jpg,3
CM497.jpg,3
CM498.jpg,2
CM499.jpg,4
CM5.jpg,3
CM50.jpg,3
CM500.jpg,4
CM501.jpg,3
CM502.jpg,3
CM503.jpg,3
CM504.jpg,2
CM505.jpg,2
CM506.jpg,4
CM507.jpg,3
CM508.jpg,2
CM509.jpg,3
CM51.jpg,2
CM510.jpg,3
CM511.jpg,3
CM512.jpg,3
CM513.jpg,2
CM514.jpg,2
CM515.jpg,3
CM516.jpg,3
CM517.jpg,3
CM518.jpg,3
CM519.jpg,3
CM52.jpg,3
CM520.jpg,3
CM521.jpg,4
CM522.jpg,3
CM523.jpg,3
CM524.jpg,2
CM525.jpg,3
CM526.jpg,3
CM527.jpg,2
CM528.jpg,4
CM529.jpg,2
CM53.jpg,3
CM530.jpg,3
CM531.jpg,3
CM532.jpg,3
CM533.jpg,3
CM534.jpg,3
CM535.jpg,4
CM536.jpg,2
CM537.jpg,3
CM538.jpg,3
CM539.jpg,3
CM54.jpg,3
CM540.jpg,3
CM541.jpg,3
CM542.jpg,3
CM543.jpg,2
CM544.jpg,3
CM545.jpg,2
CM546.jpg,3
CM547.jpg,3
CM548.jpg,3
CM549.jpg,3
CM55.jpg,5
CM550.jpg,2
CM551.jpg,3
CM552.jpg,3
CM553.jpg,3
CM554.jpg,3
CM555.jpg,3
CM556.jpg,3
CM557.jpg,3
CM558.jpg,2
CM559.jpg,2
CM56.jpg,2
CM560.jpg,2
CM561.jpg,3
CM562.jpg,4
CM563.jpg,3
CM564.jpg,3
CM565.jpg,2
CM566.jpg,3
CM567.jpg,3
CM568.jpg,2
CM569.jpg,3
CM57.jpg,3
CM570.jpg,3
CM571.jpg,2
CM572.jpg,4
CM573.jpg,3
CM574.jpg,3
CM575.jpg,3
CM576.jpg,3
CM577.jpg,3
CM578.jpg,3
CM579.jpg,3
CM58.jpg,4
CM580.jpg,2
CM581.jpg,3
CM582.jpg,2
CM583.jpg,3
CM584.jpg,2
CM585.jpg,3
CM586.jpg,3
CM587.jpg,2
CM588.jpg,2
CM589.jpg,3
CM59.jpg,3
CM590.jpg,4
CM591.jpg,3
CM592.jpg,3
CM593.jpg,3
CM594.jpg,4
CM595.jpg,3
CM596.jpg,2
CM597.jpg,3
CM598.jpg,3
CM599.jpg,3
CM6.jpg,4
CM60.jpg,3
CM600.jpg,3
CM601.jpg,3
CM602.jpg,3
CM603.jpg,3
CM604.jpg,3
CM605.jpg,3
CM606.jpg,3
CM607.jpg,3
CM608.jpg,3
CM609.jpg,3
CM61.jpg,2
CM610.jpg,3
CM611.jpg,3
CM612.jpg,2
CM613.jpg,2
CM614.jpg,2
CM615.jpg,3
CM616.jpg,3
CM617.jpg,3
CM618.jpg,3
CM619.jpg,3
CM62.jpg,3
CM620.jpg,2
CM621.jpg,3
CM622.jpg,3
CM623.jpg,2
CM624.jpg,2
CM625.jpg,3
CM626.jpg,3
CM627.jpg,3
CM628.jpg,3
CM629.jpg,2
CM63.jpg,2
CM630.jpg,3
CM631.jpg,3
CM632.jpg,2
CM633.jpg,2
CM634.jpg,4
CM635.jpg,3
CM636.jpg,4
CM637.jpg,4
CM638.jpg,4
CM639.jpg,4
CM64.jpg,2
CM640.jpg,3
CM641.jpg,4
CM642.jpg,3
CM643.jpg,3
CM644.jpg,4
CM645.jpg,4
CM646.jpg,4
CM647.jpg,4
CM648.jpg,4
CM649.jpg,3
CM65.jpg,4
CM650.jpg,4
CM651.jpg,4
CM652.jpg,4
CM653.jpg,4
CM654.jpg,4
CM655.jpg,4
CM656.jpg,4
CM657.jpg,4
CM658.jpg,3
CM659.jpg,4
CM66.jpg,4
CM660.jpg,3
CM661.jpg,4
CM662.jpg,4
CM663.jpg,4
CM664.jpg,4
CM665.jpg,4
CM666.jpg,4
CM667.jpg,4
CM668.jpg,4
CM669.jpg,4
CM67.jpg,3
CM670.jpg,4
CM671.jpg,4
CM672.jpg,4
CM673.jpg,4
CM674.jpg,4
CM675.jpg,4
CM676.jpg,4
CM677.jpg,4
CM678.jpg,4
CM679.jpg,3
CM68.jpg,3
CM680.jpg,3
CM681.jpg,4
CM682.jpg,4
CM683.jpg,3
CM684.jpg,3
CM685.jpg,3
CM686.jpg,3
CM687.jpg,4
CM688.jpg,4
CM689.jpg,4
CM69.jpg,3
CM690.jpg,4
CM691.jpg,4
CM692.jpg,4
CM693.jpg,4
CM694.jpg,4
CM695.jpg,3
CM696.jpg,4
CM697.jpg,4
CM698.jpg,3
CM699.jpg,4
CM7.jpg,4
CM70.jpg,3
CM700.jpg,5
CM701.jpg,4
CM702.jpg,3
CM703.jpg,4
CM704.jpg,3
CM705.jpg,4
CM706.jpg,4
CM707.jpg,4
CM708.jpg,4
CM709.jpg,4
CM71.jpg,2
CM710.jpg,4
CM711.jpg,4
CM712.jpg,4
CM713.jpg,4
CM714.jpg,4
CM715.jpg,4
CM716.jpg,4
CM717.jpg,4
CM718.jpg,4
CM719.jpg,4
CM72.jpg,4
CM720.jpg,4
CM721.jpg,4
CM722.jpg,4
CM723.jpg,3
CM724.jpg,4
CM725.jpg,4
CM726.jpg,3
CM727.jpg,4
CM728.jpg,4
CM729.jpg,4
CM73.jpg,4
CM730.jpg,4
CM731.jpg,4
CM732.jpg,4
CM733.jpg,3
CM734.jpg,4
CM735.jpg,4
CM736.jpg,4
CM737.jpg,4
CM738.jpg,4
CM739.jpg,4
CM74.jpg,3
CM740.jpg,4
CM741.jpg,3
CM742.jpg,4
CM743.jpg,4
CM744.jpg,4
CM745.jpg,4
CM746.jpg,4
CM747.jpg,4
CM748.jpg,4
CM749.jpg,4
CM75.jpg,3
CM750.jpg,3
CM76.jpg,2
CM77.jpg,4
CM78.jpg,3
CM79.jpg,3
CM8.jpg,2
CM80.jpg,2
CM81.jpg,3
CM82.jpg,3
CM83.jpg,2
CM84.jpg,3
CM85.jpg,3
CM86.jpg,3
CM87.jpg,3
CM88.jpg,3
CM89.jpg,3
CM9.jpg,4
CM90.jpg,3
CM91.jpg,2
CM92.jpg,3
CM93.jpg,4
CM94.jpg,3
CM95.jpg,2
CM96.jpg,3
CM97.jpg,3
CM98.jpg,2
CM99.jpg,3
